customer_id,first_name,last_name,country,signup_date,customer_segment
C00001,Michele,Jones,Dominica,2024-10-18,Standard
C00002,Elizabeth,Lewis,Bulgaria,2026-01-16,Business
C00003,Barbara,Sanchez,Lebanon,2025-05-06,Premium
C00004,James,Davis,Jersey,2025-02-13,Standard
C00005,Rodney,Owens,Saint Lucia,2023-11-05,Standard
C00006,Emily,Joyce,Bolivia,2023-11-15,Standard
C00007,Richard,Morgan,Tokelau,2024-01-29,Standard
C00008,John,Lee,Kiribati,2024-03-17,Premium
C00009,Robert,Ramirez,Egypt,2023-12-08,Standard
C00010,Scott,Callahan,Mexico,2024-01-12,Premium
C00011,Brent,Kidd,Taiwan,2023-09-04,Standard
C00012,Tanya,House,Thailand,2024-08-14,Business
C00013,Gabriel,Tucker,Croatia,2025-04-26,Premium
C00014,Rachel,Martin,Afghanistan,2025-04-10,Standard
C00015,Joseph,Bowers,Korea,2024-10-29,Standard
C00016,Rodney,Bernard,Slovenia,2025-12-23,Standard
C00017,Dorothy,Tucker,Comoros,2024-11-15,Standard
C00018,Jeff,Brown,Saint Pierre and Miquelon,2025-12-02,Standard
C00019,Bruce,Edwards,Australia,2026-02-05,Standard
C00020,Thomas,Calhoun,Marshall Islands,2024-04-13,Standard
C00021,Brian,Romero,Thailand,2024-05-27,Standard
C00022,Casey,Jones,Tokelau,2024-08-12,Standard
C00023,Richard,David,Montenegro,2024-08-29,Standard
C00024,Beth,Williams,Belgium,2025-05-25,Standard
C00025,Diane,Cunningham,Germany,2024-09-21,Standard
C00026,James,Moran,Dominican Republic,2024-09-28,Premium
C00027,Randy,Powers,French Southern Territories,2025-07-23,Standard
C00028,Leslie,Walton,Barbados,2023-08-27,Standard
C00029,Stephen,Murillo,Bolivia,2023-12-04,Standard
C00030,Amanda,Wagner,Bulgaria,2025-02-05,Standard
C00031,Nicole,Suarez,Heard Island and McDonald Islands,2024-10-28,Standard
C00032,Eric,Bass,Romania,2024-11-24,Standard
C00033,Cheryl,Archer,Palau,2025-11-11,Standard
C00034,Alan,Montoya,French Southern Territories,2026-06-08,Premium
C00035,Dale,Humphrey,Estonia,2024-02-08,Business
C00036,Pamela,Newton,Cape Verde,2024-10-09,Premium
C00037,Juan,Clark,Guam,2024-06-24,Standard
C00038,Grace,Farrell,Madagascar,2025-09-09,Standard
C00039,John,Odonnell,Austria,2024-01-03,Standard
C00040,Cynthia,Calderon,Aruba,2023-08-18,Standard
C00041,Matthew,Anderson,Estonia,2024-04-20,Standard
C00042,Joyce,Arnold,Japan,2025-12-31,Standard
C00043,Alec,Jones,Turks and Caicos Islands,2026-07-21,Standard
C00044,Rebecca,Gardner,Syrian Arab Republic,2025-03-08,Premium
C00045,Brandi,Hernandez,Brunei Darussalam,2023-10-16,Standard
C00046,Kyle,Nolan,South Africa,2023-10-13,Standard
C00047,Rachel,Clark,Egypt,2026-06-14,Standard
C00048,Curtis,Deleon,Turks and Caicos Islands,2025-05-05,Standard
C00049,Terri,Brady,Uzbekistan,2024-08-14,Standard
C00050,Michelle,Cherry,Sudan,2024-05-14,Standard
C00051,Nicole,Johnson,Saint Pierre and Miquelon,2025-01-10,Business
C00052,Kimberly,Jenkins,Paraguay,2024-09-01,Premium
C00053,Joseph,Cobb,Botswana,2025-03-29,Premium
C00054,Monica,Garrison,Cyprus,2024-06-18,Premium
C00055,Lisa,Stevens,Gambia,2024-07-31,Standard
C00056,Jeffrey,Keller,Iran,2025-01-03,Premium
C00057,Joshua,Jones,Sierra Leone,2024-10-19,Standard
C00058,Michael,Hicks,Philippines,2025-11-22,Standard
C00059,Mark,Johnson,Turkey,2024-09-21,Standard
C00060,Gregory,Estes,Estonia,2023-10-11,Standard
C00061,Daniel,Hamilton,Saint Lucia,2024-12-12,Standard
C00062,Samuel,Joyce,Brazil,2025-04-02,Standard
C00063,Rachel,Lee,Aruba,2025-06-20,Premium
C00064,Aaron,Frost,Mauritania,2026-07-14,Standard
C00065,Jennifer,Harmon,Paraguay,2024-06-14,Standard
C00066,Michael,Jones,Papua New Guinea,2025-01-06,Standard
C00067,Cindy,Alvarado,British Virgin Islands,2024-11-21,Standard
C00068,William,Estrada,Greece,2025-04-29,Premium
C00069,Heidi,Spencer,Congo,2025-05-27,Standard
C00070,Elizabeth,Gray,San Marino,2024-05-09,Business
C00071,Christina,Turner,Mexico,2023-08-13,Premium
C00072,Kevin,Clark,Solomon Islands,2026-01-29,Standard
C00073,Catherine,Morris,Kenya,2025-06-29,Standard
C00074,Emma,Dixon,South Africa,2024-05-02,Premium
C00075,Donna,Campbell,Panama,2026-04-22,Premium
C00076,Christine,Davis,Zambia,2024-08-11,Premium
C00077,Emily,Walker,Congo,2024-03-28,Premium
C00078,Andrew,Sanchez,Lebanon,2026-03-19,Standard
C00079,Melissa,Jones,Israel,2026-04-17,Standard
C00080,Barbara,Higgins,Hungary,2025-09-18,Standard
C00081,Reginald,Hernandez,Portugal,2023-08-21,Premium
C00082,Patricia,Dalton,Turks and Caicos Islands,2024-01-25,Standard
C00083,Kimberly,Robinson,Spain,2026-07-29,Standard
C00084,April,Williams,Egypt,2024-02-17,Standard
C00085,Stephen,Solis,Papua New Guinea,2025-11-15,Standard
C00086,Vanessa,Larson,Zambia,2025-06-30,Standard
C00087,Cheyenne,Ball,Madagascar,2025-06-05,Premium
C00088,Maria,Kelley,Ukraine,2024-04-16,Standard
C00089,Julia,Wells,Eritrea,2024-08-31,Premium
C00090,Mary,Ramirez,Slovakia (Slovak Republic),2025-10-30,Standard
C00091,Todd,Allen,Kazakhstan,2023-12-11,Standard
C00092,Jennifer,Young,Grenada,2024-12-21,Premium
C00093,Patricia,Miller,Canada,2024-08-06,Premium
C00094,Patrick,Hernandez,Croatia,2023-11-20,Standard
C00095,Robert,Rivera,Lao People's Democratic Republic,2025-05-19,Premium
C00096,Bryan,Wall,Iceland,2026-02-05,Standard
C00097,Sophia,Smith,Turkmenistan,2026-01-23,Standard
C00098,Omar,Smith,Guinea,2024-11-18,Standard
C00099,Karen,Castaneda,Zimbabwe,2025-05-24,Standard
C00100,Amanda,Navarro,South Georgia and the South Sandwich Islands,2026-03-07,Standard
C00101,Rachael,Freeman,Faroe Islands,2025-06-20,Standard
C00102,Todd,Price,Paraguay,2026-07-03,Standard
C00103,Lauren,Ramsey,Tajikistan,2025-08-08,Standard
C00104,Samantha,Hooper,Martinique,2023-09-23,Standard
C00105,Rebecca,Vargas,Panama,2023-09-24,Premium
C00106,Christopher,Patterson,Tonga,2025-07-30,Standard
C00107,Hunter,Green,Greece,2024-07-06,Standard
C00108,Shawn,Rogers,Turkmenistan,2025-03-23,Premium
C00109,Joshua,Bean,Italy,2024-09-07,Standard
C00110,Mary,Ruiz,San Marino,2025-11-27,Standard
C00111,Brett,Crane,Czech Republic,2026-05-18,Standard
C00112,Casey,Bernard,Armenia,2023-09-30,Standard
C00113,Stefanie,Gonzalez,Angola,2026-04-04,Premium
C00114,Elijah,Martinez,Paraguay,2024-02-06,Premium
C00115,Anne,Robinson,Reunion,2024-09-14,Standard
C00116,Katie,Jackson,New Caledonia,2024-02-06,Premium
C00117,Kimberly,Martin,Georgia,2024-01-27,Premium
C00118,Beth,Hickman,Morocco,2026-06-30,Standard
C00119,Rebecca,Brooks,Western Sahara,2024-06-16,Premium
C00120,Charles,Vaughn,Niue,2024-08-24,Standard
C00121,Curtis,Barton,Thailand,2026-07-10,Premium
C00122,Caroline,Martinez,Mongolia,2023-10-15,Premium
C00123,Michael,Patterson,Heard Island and McDonald Islands,2023-11-28,Standard
C00124,William,Peterson,Thailand,2025-05-26,Standard
C00125,Lynn,Garcia,Guyana,2026-04-26,Standard
C00126,Patricia,Stevens,Cape Verde,2025-06-19,Standard
C00127,Gregory,Boyd,Pakistan,2024-10-05,Premium
C00128,Christina,Gillespie,Singapore,2025-09-02,Premium
C00129,Steven,Petersen,Nauru,2024-10-02,Standard
C00130,Marcus,Sanchez,Vietnam,2023-12-25,Standard
C00131,Joshua,Hayes,Sao Tome and Principe,2025-08-03,Standard
C00132,Ashley,Barnett,Guadeloupe,2023-09-26,Standard
C00133,Troy,Nguyen,Libyan Arab Jamahiriya,2024-07-07,Standard
C00134,Michael,Green,Fiji,2026-02-24,Standard
C00135,Jacqueline,Hill,Algeria,2025-10-23,Premium
C00136,Stacy,Miller,Saint Helena,2025-05-05,Standard
C00137,Tracy,Chang,Portugal,2025-08-21,Standard
C00138,Debbie,Henry,Somalia,2023-09-08,Premium
C00139,Christopher,Walker,Puerto Rico,2024-08-24,Standard
C00140,Kevin,Perkins,Lebanon,2025-12-19,Business
C00141,Alyssa,Coleman,Samoa,2025-12-14,Business
C00142,Mark,Warner,Faroe Islands,2024-12-01,Standard
C00143,John,Martinez,Congo,2024-12-15,Standard
C00144,David,Herrera,Serbia,2026-07-20,Standard
C00145,Jacob,Robinson,Liberia,2024-10-15,Standard
C00146,Jenny,Bray,Malta,2026-02-25,Standard
C00147,Justin,Garcia,Congo,2024-11-15,Standard
C00148,Jeremy,White,American Samoa,2025-11-19,Standard
C00149,David,Williams,Austria,2025-12-19,Standard
C00150,Kelly,Raymond,Northern Mariana Islands,2025-09-13,Standard
C00151,Curtis,Smith,Finland,2025-08-11,Premium
C00152,Timothy,Peterson,Austria,2024-09-08,Standard
C00153,Shelley,Woods,Swaziland,2023-11-22,Standard
C00154,Richard,Jones,Norfolk Island,2026-07-14,Standard
C00155,Brian,Hernandez,Mongolia,2024-11-26,Business
C00156,Christopher,Wright,Moldova,2025-05-20,Standard
C00157,Catherine,Gibbs,Czech Republic,2025-11-01,Standard
C00158,Omar,Kerr,French Southern Territories,2026-02-12,Premium
C00159,Veronica,Torres,Niger,2023-11-14,Standard
C00160,Chelsea,Singh,Yemen,2024-06-30,Premium
C00161,Colleen,Baker,Belgium,2024-04-12,Standard
C00162,John,Arnold,Cayman Islands,2023-08-17,Standard
C00163,Ricky,Norris,Latvia,2024-11-07,Standard
C00164,Antonio,Roberts,Finland,2026-08-09,Standard
C00165,Michele,Jones,Djibouti,2024-09-26,Standard
C00166,Kristin,Weber,Panama,2024-06-15,Premium
C00167,Ronald,Stephens,Oman,2024-03-31,Standard
C00168,Rebekah,Serrano,Barbados,2023-11-13,Standard
C00169,Gabriel,Parker,San Marino,2026-01-13,Standard
C00170,Samantha,Gonzales,Lao People's Democratic Republic,2026-07-17,Standard
C00171,Kevin,Powell,Faroe Islands,2025-09-28,Standard
C00172,Amber,Kim,Netherlands Antilles,2023-10-13,Standard
C00173,Pamela,Navarro,Netherlands,2024-09-04,Standard
C00174,Anthony,Perez,Peru,2026-01-22,Standard
C00175,Brenda,Smith,Serbia,2026-06-22,Standard
C00176,Lori,Johnston,Serbia,2024-05-11,Standard
C00177,Thomas,Pearson,United States Virgin Islands,2024-10-18,Standard
C00178,Howard,Richards,North Macedonia,2025-09-14,Standard
C00179,Tanya,Harrison,Ireland,2025-01-11,Premium
C00180,Manuel,Garcia,Central African Republic,2025-01-06,Standard
C00181,Robert,Simpson,Panama,2025-04-26,Standard
C00182,Lisa,Pierce,Korea,2023-12-27,Standard
C00183,Leonard,Morris,Sierra Leone,2025-05-01,Premium
C00184,Michelle,Bryan,Afghanistan,2026-05-30,Premium
C00185,Molly,Murray,Austria,2024-05-30,Standard
C00186,April,Dean,Luxembourg,2026-04-10,Standard
C00187,Scott,Williams,Ethiopia,2025-12-13,Premium
C00188,David,Roberts,Turkmenistan,2026-08-01,Standard
C00189,Todd,Johnson,Norfolk Island,2026-03-15,Standard
C00190,Lauren,Mckinney,Georgia,2025-12-15,Standard
C00191,Alexander,Russell,Czech Republic,2024-02-05,Standard
C00192,Steven,Wilson,Syrian Arab Republic,2024-04-08,Premium
C00193,Tyrone,Moran,Malawi,2026-08-12,Premium
C00194,Joshua,Davenport,Latvia,2024-08-25,Standard
C00195,Stephen,Thomas,Comoros,2026-03-01,Standard
C00196,William,Suarez,Tonga,2023-11-29,Standard
C00197,Joshua,Tyler,Israel,2025-01-21,Premium
C00198,Sarah,Romero,Swaziland,2023-08-16,Premium
C00199,Justin,Evans,Namibia,2026-01-29,Premium
C00200,Yolanda,Burns,Canada,2025-07-06,Premium
C00201,Amanda,Reed,Micronesia,2025-12-04,Standard
C00202,Nicholas,Cantu,Trinidad and Tobago,2024-06-01,Standard
C00203,Tina,Allen,Hungary,2024-08-09,Standard
C00204,Melissa,Jenkins,Ghana,2025-08-16,Premium
C00205,Janet,Shepherd,Hungary,2026-06-09,Standard
C00206,Laura,Pearson,Canada,2025-09-20,Standard
C00207,Tammie,Martinez,Nauru,2025-01-09,Standard
C00208,Molly,Sawyer,Kazakhstan,2024-01-14,Standard
C00209,Alicia,Bryant,Saint Helena,2024-03-23,Standard
C00210,Robert,Pena,Cape Verde,2023-12-07,Standard
C00211,Terrance,Costa,Guadeloupe,2026-04-07,Standard
C00212,Heather,Santos,Timor-Leste,2025-01-04,Standard
C00213,Melissa,Villarreal,Hong Kong,2024-12-16,Standard
C00214,Courtney,Clay,Libyan Arab Jamahiriya,2025-11-30,Standard
C00215,Barry,Jones,Norfolk Island,2026-07-11,Premium
C00216,Samantha,Bright,San Marino,2023-12-31,Standard
C00217,Ryan,Garcia,North Macedonia,2026-08-10,Standard
C00218,Monique,Wallace,Puerto Rico,2024-11-20,Premium
C00219,Rebecca,Williams,South Africa,2023-11-08,Standard
C00220,Kelly,Brooks,Cameroon,2024-08-26,Premium
C00221,Amanda,Knight,Somalia,2024-05-18,Standard
C00222,George,Miller,Trinidad and Tobago,2025-03-29,Standard
C00223,Christine,Allen,United States Minor Outlying Islands,2026-02-03,Standard
C00224,Douglas,Murray,Equatorial Guinea,2025-07-26,Standard
C00225,Jonathan,Smith,Spain,2025-08-04,Standard
C00226,Rachel,Byrd,Cayman Islands,2023-12-05,Standard
C00227,Scott,Reed,Namibia,2024-11-19,Business
C00228,Danielle,Coleman,El Salvador,2025-07-22,Standard
C00229,Megan,Gonzalez,Hungary,2025-09-01,Premium
C00230,Daniel,James,Guinea-Bissau,2026-01-21,Standard
C00231,Kenneth,Lyons,Angola,2026-05-31,Premium
C00232,Randy,Smith,Tonga,2026-07-13,Standard
C00233,Kimberly,Beltran,United States Minor Outlying Islands,2026-03-12,Standard
C00234,Julie,Wall,United Kingdom,2024-10-30,Standard
C00235,Kimberly,Hall,Spain,2025-02-10,Standard
C00236,Jeffery,Lee,El Salvador,2026-06-30,Premium
C00237,Karla,Saunders,Pitcairn Islands,2024-03-12,Standard
C00238,Courtney,Berger,Oman,2023-10-13,Standard
C00239,Kyle,Alexander,Mozambique,2025-03-01,Standard
C00240,Jessica,Davis,French Polynesia,2025-01-01,Standard
C00241,Julie,Thompson,Bulgaria,2025-11-27,Premium
C00242,Nancy,Diaz,Macao,2024-10-09,Business
C00243,Maria,Scott,Sweden,2025-08-30,Premium
C00244,Tammy,Phillips,Trinidad and Tobago,2025-01-20,Standard
C00245,Linda,Mcdonald,Belarus,2024-03-18,Standard
C00246,Karen,Perez,Philippines,2026-06-25,Premium
C00247,Tina,Coffey,Spain,2025-12-25,Standard
C00248,Michael,Gibbs,American Samoa,2024-09-26,Business
C00249,Amanda,Gibson,Peru,2026-06-22,Business
C00250,Jose,James,Northern Mariana Islands,2025-03-12,Premium
C00251,Daniel,Hall,Anguilla,2026-04-01,Standard
C00252,Nicole,Hoffman,United States Virgin Islands,2026-03-17,Standard
C00253,Jeffrey,Brown,Swaziland,2025-08-03,Premium
C00254,Regina,Turner,Ireland,2024-02-10,Standard
C00255,Donald,Shah,Gabon,2025-09-16,Standard
C00256,Darren,Young,Mauritania,2024-03-10,Standard
C00257,Paul,Watson,Zambia,2026-07-29,Premium
C00258,Sonya,Barnes,Samoa,2024-04-09,Standard
C00259,Nicole,Pena,Syrian Arab Republic,2025-09-11,Standard
C00260,Christina,Crosby,Fiji,2023-10-02,Standard
C00261,Hannah,Robinson,Kenya,2024-08-13,Standard
C00262,Melissa,Garcia,Poland,2025-03-05,Business
C00263,Amy,Levine,Guinea-Bissau,2023-11-15,Standard
C00264,Raymond,Lopez,British Virgin Islands,2025-07-19,Standard
C00265,Christopher,Lewis,Northern Mariana Islands,2026-02-25,Premium
C00266,Tasha,Williams,Grenada,2024-08-25,Premium
C00267,Vanessa,Buchanan,Costa Rica,2023-11-27,Standard
C00268,Maria,Spencer,Namibia,2024-07-13,Premium
C00269,Lisa,Hall,Singapore,2024-03-29,Standard
C00270,Kristina,Carlson,Falkland Islands (Malvinas),2024-03-24,Standard
C00271,Vanessa,Fernandez,South Georgia and the South Sandwich Islands,2024-05-10,Premium
C00272,Daniel,Delacruz,Bulgaria,2023-09-05,Premium
C00273,Michael,Kramer,Namibia,2024-12-27,Premium
C00274,Alfred,Baker,Brunei Darussalam,2025-05-27,Premium
C00275,Alicia,Reese,Lebanon,2025-07-09,Standard
C00276,Kimberly,Palmer,Botswana,2025-07-15,Standard
C00277,William,Dougherty,Aruba,2026-06-01,Premium
C00278,Adrienne,Ellis,Antarctica (the territory South of 60 deg S),2023-11-15,Standard
C00279,Yolanda,Boone,Japan,2026-07-13,Premium
C00280,Daniel,Joseph,Kenya,2023-12-05,Premium
C00281,Rachel,Morris,Cameroon,2023-11-23,Premium
C00282,David,Weber,Myanmar,2025-12-11,Standard
C00283,Jennifer,James,Nepal,2025-11-14,Standard
C00284,Kenneth,Wagner,Jersey,2024-01-14,Standard
C00285,Laura,Wilson,Palau,2026-05-20,Standard
C00286,Natalie,Arnold,Tonga,2024-07-12,Standard
C00287,Russell,Beasley,Isle of Man,2025-01-20,Standard
C00288,Maria,Ross,Saint Lucia,2024-01-07,Standard
C00289,Larry,Edwards,Equatorial Guinea,2025-03-16,Standard
C00290,Stephanie,Mcdaniel,Lebanon,2023-11-25,Standard
C00291,Christopher,Miller,Jersey,2024-01-10,Standard
C00292,Julie,Watson,Bulgaria,2025-12-24,Standard
C00293,Brian,Frye,Monaco,2025-01-06,Premium
C00294,Elizabeth,Jenkins,Tunisia,2026-06-11,Standard
C00295,Shelley,Henderson,United States Virgin Islands,2023-10-31,Standard
C00296,Tanya,Burke,Guinea,2024-01-20,Standard
C00297,Becky,Lewis,Palestinian Territory,2025-08-31,Premium
C00298,Jeffrey,Rodriguez,Tanzania,2025-12-24,Standard
C00299,Michael,Farmer,Montserrat,2024-07-29,Standard
C00300,Lindsay,Bruce,Seychelles,2026-04-04,Standard
C00301,Christina,Day,Anguilla,2026-03-16,Standard
C00302,Sarah,Gallegos,Ethiopia,2023-09-26,Standard
C00303,Henry,Park,Georgia,2025-01-21,Standard
C00304,Michael,White,Cambodia,2026-01-08,Standard
C00305,Diane,Jones,Saint Vincent and the Grenadines,2026-04-22,Premium
C00306,Teresa,Davis,Marshall Islands,2024-07-12,Business
C00307,Nicholas,Chavez,Cayman Islands,2025-03-09,Standard
C00308,Larry,Nguyen,Western Sahara,2026-01-10,Standard
C00309,Caitlyn,Ware,Cape Verde,2024-04-13,Premium
C00310,Karen,Williams,Belgium,2024-10-08,Standard
C00311,Scott,Coleman,New Caledonia,2025-06-29,Standard
C00312,Robert,Lewis,Malaysia,2024-02-05,Standard
C00313,Michael,Rodriguez,Philippines,2026-07-01,Standard
C00314,Brittany,Rose,Gambia,2023-10-22,Business
C00315,Jeffrey,Joyce,Azerbaijan,2023-08-24,Premium
C00316,James,Dougherty,Seychelles,2024-03-13,Standard
C00317,Kathryn,Roberts,British Indian Ocean Territory (Chagos Archipelago),2023-08-25,Standard
C00318,Tyler,Jordan,Bulgaria,2025-03-25,Standard
C00319,Amanda,Hall,Monaco,2026-06-15,Standard
C00320,Linda,Jones,Tokelau,2023-10-17,Standard
C00321,Ryan,Stevens,Belarus,2024-12-11,Standard
C00322,Barbara,Berry,Russian Federation,2026-05-03,Premium
C00323,Robert,Wilson,Angola,2024-12-29,Standard
C00324,George,Meza,Kuwait,2026-07-19,Standard
C00325,Samantha,Davis,Tanzania,2024-01-24,Business
C00326,John,Chapman,Malta,2023-12-13,Premium
C00327,Randy,Collins,Guadeloupe,2024-07-22,Standard
C00328,Mason,Jackson,Malawi,2026-04-22,Standard
C00329,Daniel,Hicks,United Kingdom,2025-02-05,Standard
C00330,Michael,Mullen,Oman,2024-03-29,Standard
C00331,Joel,Thomas,Congo,2024-05-08,Standard
C00332,Carrie,Wolf,Palau,2023-12-08,Premium
C00333,Gregory,Mejia,Lithuania,2025-08-02,Standard
C00334,Karen,Wolf,Kiribati,2026-07-06,Standard
C00335,Sandra,Cunningham,North Macedonia,2026-04-09,Standard
C00336,Marcus,Maddox,Germany,2024-04-03,Standard
C00337,Scott,Harrison,Norfolk Island,2024-11-25,Premium
C00338,Laura,Vargas,Guinea,2025-10-09,Premium
C00339,Charles,Murray,Argentina,2023-11-09,Standard
C00340,Miguel,Mitchell,Oman,2023-12-31,Standard
C00341,Christina,Hunter,Kyrgyz Republic,2026-01-30,Standard
C00342,Angela,Conner,Ukraine,2023-10-15,Standard
C00343,Shannon,Pacheco,Pakistan,2024-05-31,Standard
C00344,Marc,Alvarez,Canada,2023-11-17,Standard
C00345,Shannon,Shepherd,Taiwan,2025-01-27,Standard
C00346,Toni,Miller,Oman,2024-05-07,Standard
C00347,Benjamin,Zimmerman,Kazakhstan,2025-11-04,Standard
C00348,Alexandra,Moore,Holy See (Vatican City State),2024-10-25,Standard
C00349,Paul,Schroeder,Philippines,2026-02-26,Standard
C00350,Brian,Mccoy,Grenada,2023-11-23,Standard
C00351,Mark,Grant,Hungary,2024-10-27,Standard
C00352,Johnathan,York,United States of America,2026-03-06,Premium
C00353,Morgan,Cook,Myanmar,2026-06-08,Standard
C00354,Donald,Bailey,Palau,2026-08-02,Standard
C00355,Eileen,Anderson,Russian Federation,2023-12-22,Standard
C00356,Kyle,Bennett,Somalia,2025-01-04,Standard
C00357,Lisa,Santiago,Switzerland,2026-07-12,Standard
C00358,Rita,Davis,Paraguay,2025-05-31,Standard
C00359,William,Smith,Georgia,2024-05-19,Premium
C00360,Stephanie,Peterson,Seychelles,2025-09-06,Standard
C00361,James,Cooke,Cape Verde,2023-12-10,Standard
C00362,Kenneth,French,Madagascar,2025-11-28,Standard
C00363,Mary,Stephenson,Argentina,2026-06-06,Standard
C00364,Matthew,Miranda,Bulgaria,2026-02-25,Standard
C00365,Nicholas,Martin,Switzerland,2026-07-24,Premium
C00366,Kellie,Lamb,Chad,2025-06-22,Standard
C00367,Bradley,Diaz,Saint Helena,2024-08-15,Business
C00368,Tara,Bishop,Sao Tome and Principe,2025-07-10,Premium
C00369,Jesus,Allen,Sudan,2025-08-10,Standard
C00370,Rebecca,Lee,Philippines,2026-01-15,Standard
C00371,Tracey,Murray,Finland,2025-03-28,Standard
C00372,Wesley,Barnes,Central African Republic,2024-06-18,Standard
C00373,Laurie,Taylor,El Salvador,2023-11-02,Standard
C00374,Danielle,Sawyer,Micronesia,2024-01-19,Standard
C00375,Jennifer,Black,British Virgin Islands,2024-10-28,Standard
C00376,Christopher,Martin,Korea,2025-10-18,Standard
C00377,Dylan,Kim,Yemen,2024-07-22,Premium
C00378,Lisa,Wilkerson,Venezuela,2023-09-23,Standard
C00379,Robert,Sanders,Holy See (Vatican City State),2024-08-13,Premium
C00380,Paul,Miller,Czech Republic,2023-09-25,Standard
C00381,Lucas,Garcia,Rwanda,2026-05-18,Standard
C00382,Matthew,Thomas,Argentina,2024-10-31,Standard
C00383,Samantha,Kennedy,Switzerland,2024-03-15,Standard
C00384,Katherine,Harrison,Nicaragua,2023-08-21,Premium
C00385,Rebecca,Smith,Cuba,2024-04-01,Premium
C00386,Ana,Acosta,Marshall Islands,2025-05-31,Premium
C00387,Daniel,Roberts,Gabon,2024-02-18,Standard
C00388,Brandon,Barnes,South Africa,2026-04-06,Standard
C00389,Stephen,Rodriguez,United Kingdom,2025-09-27,Premium
C00390,Candice,Smith,Malaysia,2026-01-22,Premium
C00391,John,Thomas,Japan,2023-08-15,Business
C00392,Christina,Allen,Israel,2024-05-29,Standard
C00393,Elizabeth,Miller,Guyana,2023-11-26,Standard
C00394,Stephanie,Stephens,Solomon Islands,2025-10-09,Premium
C00395,Angela,Myers,Latvia,2023-10-19,Standard
C00396,Cynthia,Zavala,El Salvador,2023-09-07,Premium
C00397,Michael,Jones,Dominican Republic,2026-05-29,Premium
C00398,Courtney,Ingram,Saint Pierre and Miquelon,2025-01-10,Standard
C00399,Dennis,Bell,Guadeloupe,2026-05-07,Premium
C00400,Gregory,Maxwell,Kyrgyz Republic,2026-07-28,Premium
C00401,Timothy,White,Burkina Faso,2023-11-19,Standard
C00402,Jennifer,Acevedo,Argentina,2024-11-10,Premium
C00403,James,Moody,Turks and Caicos Islands,2023-10-17,Standard
C00404,Leslie,Collins,Indonesia,2025-12-03,Premium
C00405,Thomas,Johnson,Oman,2024-06-04,Standard
C00406,Justin,Atkins,Australia,2026-05-27,Premium
C00407,Martin,Martinez,Heard Island and McDonald Islands,2025-06-21,Standard
C00408,Pamela,Paul,Ukraine,2025-04-04,Standard
C00409,Matthew,Lopez,Puerto Rico,2025-09-23,Premium
C00410,Michael,Salinas,Ethiopia,2023-12-19,Standard
C00411,Jessica,Miller,Netherlands,2024-05-19,Standard
C00412,Amy,Morris,Belgium,2025-01-03,Business
C00413,Donna,Parker,Netherlands,2025-06-04,Business
C00414,Garrett,Wallace,Kiribati,2023-10-17,Standard
C00415,Jessica,Buck,Nicaragua,2025-06-18,Standard
C00416,Joshua,Whitney,Yemen,2023-11-10,Standard
C00417,Charles,Walsh,Haiti,2025-10-18,Standard
C00418,Laurie,Shelton,Zambia,2023-09-30,Standard
C00419,Douglas,Lawson,Slovenia,2025-06-23,Standard
C00420,Austin,Jones,Slovakia (Slovak Republic),2026-05-11,Premium
C00421,Michael,Reyes,Montenegro,2023-10-02,Premium
C00422,Cassie,Shelton,Yemen,2025-03-11,Premium
C00423,Nathan,Hines,Montserrat,2024-03-13,Standard
C00424,Alyssa,Sanders,Pakistan,2024-10-18,Standard
C00425,John,Wilson,Saint Pierre and Miquelon,2024-05-28,Standard
C00426,Victor,Hughes,Monaco,2024-02-11,Standard
C00427,Jose,Green,Kiribati,2024-07-11,Standard
C00428,Wendy,Mitchell,United States Virgin Islands,2025-09-14,Premium
C00429,James,Taylor,Barbados,2025-07-15,Standard
C00430,Gerald,Reeves,Benin,2026-07-07,Standard
C00431,Tammy,Downs,Papua New Guinea,2025-02-02,Standard
C00432,Jenna,Pierce,French Guiana,2024-11-20,Premium
C00433,Melissa,Joseph,Vanuatu,2026-08-04,Standard
C00434,Dana,Leon,Malawi,2024-07-26,Standard
C00435,David,Harris,Burundi,2024-08-14,Standard
C00436,Kristy,Johnson,Micronesia,2026-01-18,Premium
C00437,Miguel,Lara,Micronesia,2024-03-01,Standard
C00438,Cheryl,Miller,Georgia,2025-04-22,Premium
C00439,Yvonne,Higgins,Malta,2025-05-12,Premium
C00440,Kayla,Morrow,Barbados,2024-02-23,Standard
C00441,Teresa,Day,Korea,2025-08-05,Standard
C00442,Erin,Cooper,Turkey,2025-12-16,Business
C00443,Danielle,White,Bulgaria,2025-06-15,Standard
C00444,Wesley,Oneill,Switzerland,2024-02-21,Standard
C00445,April,Torres,Central African Republic,2024-12-26,Premium
C00446,Sarah,Perez,Yemen,2025-10-27,Premium
C00447,Patty,Singleton,El Salvador,2024-06-12,Business
C00448,Cynthia,Pierce,Brunei Darussalam,2026-04-09,Premium
C00449,Kevin,Ferguson,Macao,2026-05-04,Standard
C00450,Gary,David,Cape Verde,2024-05-04,Standard
C00451,Donna,Le,Netherlands,2025-01-18,Premium
C00452,Megan,Elliott,Sweden,2023-09-26,Standard
C00453,Christopher,Fry,Sierra Leone,2026-01-24,Standard
C00454,Joseph,Clark,Montserrat,2025-05-21,Premium
C00455,Christine,Johnson,Tuvalu,2026-04-13,Standard
C00456,Amy,May,Gabon,2025-09-01,Standard
C00457,John,Aguirre,Iraq,2024-11-17,Standard
C00458,Shawn,Barker,Cayman Islands,2025-06-25,Standard
C00459,Robert,Marshall,Guam,2026-03-12,Standard
C00460,Douglas,Hensley,Ghana,2025-01-30,Standard
C00461,Theresa,Anderson,Heard Island and McDonald Islands,2025-10-20,Standard
C00462,Anna,Flores,Lao People's Democratic Republic,2024-02-19,Standard
C00463,Joseph,Wright,Bhutan,2023-10-30,Premium
C00464,Kelly,Cruz,Nicaragua,2025-05-23,Standard
C00465,John,Grimes,Cayman Islands,2025-01-02,Business
C00466,Sarah,Griffith,Comoros,2024-04-16,Standard
C00467,Tyrone,Robertson,Luxembourg,2024-12-04,Standard
C00468,Tyler,Davis,India,2025-10-06,Premium
C00469,Stephen,Allen,Myanmar,2025-02-11,Standard
C00470,Brandon,Campbell,Nepal,2026-05-25,Business
C00471,Emily,Mitchell,Algeria,2024-01-26,Standard
C00472,Ryan,Khan,Saint Lucia,2025-03-03,Business
C00473,Kathryn,Diaz,Iran,2023-10-31,Standard
C00474,Ashley,Lee,Micronesia,2024-11-03,Premium
C00475,Charles,Gordon,Serbia,2025-12-14,Standard
C00476,Joshua,Hays,Pitcairn Islands,2026-03-19,Business
C00477,David,Hester,India,2025-03-14,Standard
C00478,Laura,Morgan,Wallis and Futuna,2025-03-02,Standard
C00479,Kari,Gonzalez,Malawi,2025-04-27,Business
C00480,Vincent,Williams,Burundi,2025-01-11,Standard
C00481,Linda,Stone,Canada,2026-03-11,Standard
C00482,Patricia,Taylor,Venezuela,2026-03-22,Standard
C00483,Lucas,Long,Nicaragua,2024-11-19,Standard
C00484,Brittney,Romero,Malawi,2025-11-16,Standard
C00485,Tracy,Hart,Lebanon,2023-09-07,Standard
C00486,Micheal,Nunez,Israel,2026-02-04,Premium
C00487,Kyle,Roach,Tunisia,2026-07-16,Standard
C00488,Crystal,Carlson,Estonia,2026-05-27,Standard
C00489,Krista,Parsons,Morocco,2024-07-31,Business
C00490,Jennifer,Silva,Chile,2025-11-04,Premium
C00491,Cristina,Harvey,Tajikistan,2025-03-25,Standard
C00492,Dylan,Becker,Antigua and Barbuda,2026-01-18,Standard
C00493,Stacy,Rodriguez,Andorra,2025-06-28,Standard
C00494,Lee,Hernandez,Portugal,2024-06-24,Standard
C00495,Robert,Hampton,Uruguay,2025-08-14,Standard
C00496,Monique,Fitzgerald,Bahamas,2024-03-14,Standard
C00497,April,Hoffman,Panama,2025-08-25,Standard
C00498,Alicia,Edwards,China,2025-07-27,Standard
C00499,Rhonda,Peterson,Guinea,2026-06-27,Business
C00500,Kelsey,Le,Norway,2026-07-25,Business
C00501,Joseph,Washington,Egypt,2024-10-19,Standard
C00502,Angela,Walker,French Southern Territories,2024-11-03,Standard
C00503,Janet,Vaughn,Liechtenstein,2024-12-17,Standard
C00504,Timothy,Castro,Vietnam,2024-10-10,Premium
C00505,Keith,Berry,Mayotte,2025-03-24,Standard
C00506,Paula,Foster,Guatemala,2024-03-27,Standard
C00507,Kelly,Roberts,Rwanda,2023-12-13,Premium
C00508,Michael,Ramos,Equatorial Guinea,2025-08-26,Premium
C00509,Jason,Clayton,Faroe Islands,2026-01-02,Premium
C00510,Heather,Taylor,Nicaragua,2026-02-09,Premium
C00511,John,Williams,United Kingdom,2025-11-14,Standard
C00512,Jeremiah,Hall,Bolivia,2025-05-16,Standard
C00513,Mark,Kennedy,Pitcairn Islands,2024-03-13,Premium
C00514,Adam,Pierce,Vanuatu,2024-04-14,Premium
C00515,Richard,Donovan,Turkey,2025-08-20,Standard
C00516,Thomas,Gonzalez,France,2024-12-23,Standard
C00517,Justin,Brown,Seychelles,2023-12-29,Standard
C00518,Denise,Hall,Saint Vincent and the Grenadines,2023-10-09,Premium
C00519,Robin,Thompson,Turkmenistan,2024-05-12,Business
C00520,Sarah,Johnson,Taiwan,2025-04-20,Standard
C00521,Kristin,Lopez,San Marino,2024-11-04,Standard
C00522,Nancy,Smith,Montenegro,2026-03-06,Standard
C00523,Daniel,Bird,Finland,2025-07-18,Business
C00524,Veronica,Daniels,Lithuania,2024-03-08,Premium
C00525,Melissa,Mcdonald,Congo,2024-02-03,Premium
C00526,Mark,Simon,Oman,2024-09-15,Standard
C00527,Jennifer,Smith,Guadeloupe,2024-11-13,Standard
C00528,Ashley,Todd,China,2026-03-19,Standard
C00529,Melissa,Prince,Sweden,2025-06-07,Standard
C00530,Zachary,Miller,Paraguay,2024-01-08,Premium
C00531,Jack,Taylor,Gibraltar,2024-09-01,Premium
C00532,Adam,Reyes,Kiribati,2024-09-30,Business
C00533,Stephanie,Turner,Saint Kitts and Nevis,2026-01-18,Business
C00534,Alexander,Valdez,Puerto Rico,2024-08-14,Standard
C00535,Bryan,Wilson,Gambia,2024-04-17,Premium
C00536,Richard,Shaw,Ukraine,2026-08-09,Premium
C00537,Kayla,Vaughn,Northern Mariana Islands,2024-11-13,Premium
C00538,Michael,Walker,Burkina Faso,2025-08-24,Standard
C00539,Eric,Adkins,New Caledonia,2025-03-15,Standard
C00540,Robert,Dunn,Latvia,2025-11-25,Standard
C00541,Laurie,Petersen,Serbia,2024-08-31,Business
C00542,Erin,Larson,Solomon Islands,2023-12-18,Standard
C00543,Alicia,Rice,Guyana,2023-12-12,Standard
C00544,Samantha,Rodriguez,Switzerland,2025-12-10,Standard
C00545,Rebecca,Harris,Mauritania,2024-04-01,Standard
C00546,Franklin,Bond,Kenya,2024-02-09,Standard
C00547,Erin,Love,Liechtenstein,2024-01-01,Standard
C00548,Rachel,Griffin,Azerbaijan,2025-07-17,Standard
C00549,David,Perry,Mongolia,2023-11-10,Standard
C00550,Angelica,Chambers,Gambia,2023-09-15,Premium
C00551,Randy,Velasquez,Samoa,2024-07-16,Standard
C00552,Beth,Williams,Guatemala,2026-08-05,Premium
C00553,Bryce,Mcknight,Vietnam,2023-11-28,Standard
C00554,Valerie,Kennedy,France,2025-05-09,Standard
C00555,Hector,Taylor,Norway,2026-05-12,Premium
C00556,Tamara,Brooks,Uganda,2025-03-29,Standard
C00557,Shane,Stark,Honduras,2025-03-18,Standard
C00558,Christopher,Brandt,Tunisia,2025-11-27,Standard
C00559,Dean,Dalton,British Indian Ocean Territory (Chagos Archipelago),2024-05-16,Premium
C00560,Victoria,Long,Brunei Darussalam,2024-07-23,Standard
C00561,Mary,Avila,French Southern Territories,2025-08-01,Premium
C00562,Emily,Stephens,Martinique,2025-03-24,Standard
C00563,Madeline,Wright,Guatemala,2024-04-09,Standard
C00564,Joshua,Pineda,Saint Kitts and Nevis,2024-02-04,Standard
C00565,Antonio,Keller,Nicaragua,2023-09-06,Standard
C00566,John,Jones,Nepal,2023-10-04,Standard
C00567,Sean,Powers,Tunisia,2023-10-27,Standard
C00568,John,Williams,Kazakhstan,2024-08-11,Standard
C00569,Amber,Webster,Singapore,2023-11-08,Premium
C00570,Donald,Holder,Djibouti,2026-01-23,Standard
C00571,Luis,Harper,Peru,2024-12-23,Standard
C00572,Joel,Walter,Panama,2025-10-30,Premium
C00573,Jeffrey,Turner,Bahamas,2025-12-24,Standard
C00574,Stacy,Hobbs,United States Minor Outlying Islands,2024-05-11,Standard
C00575,Connie,Simmons,Lithuania,2023-10-24,Premium
C00576,Teresa,David,Paraguay,2025-03-27,Premium
C00577,Kristi,Flores,Israel,2025-05-08,Standard
C00578,Edward,Bennett,Saudi Arabia,2025-11-25,Premium
C00579,Thomas,Atkinson,French Southern Territories,2024-03-24,Standard
C00580,Linda,Melendez,Monaco,2025-05-15,Standard
C00581,Tammy,Grant,Burkina Faso,2025-04-07,Standard
C00582,John,Harris,Oman,2023-12-13,Business
C00583,Sandra,Boone,Bermuda,2025-11-22,Standard
C00584,Jenny,Lee,Ethiopia,2025-03-20,Standard
C00585,Emily,Morrison,Tunisia,2023-12-04,Standard
C00586,Jacob,Gill,Saint Kitts and Nevis,2026-06-21,Standard
C00587,Angelica,Mendoza,Trinidad and Tobago,2025-01-11,Standard
C00588,Kevin,Stout,Croatia,2024-06-03,Standard
C00589,Suzanne,Wilson,Saudi Arabia,2025-08-25,Standard
C00590,Robin,Dominguez,Romania,2024-06-25,Standard
C00591,Randy,Allen,Gibraltar,2024-10-25,Standard
C00592,Oscar,Ferguson,Guinea-Bissau,2024-12-04,Standard
C00593,Jose,Hunt,Luxembourg,2025-08-05,Standard
C00594,Corey,Zavala,Latvia,2024-12-22,Standard
C00595,Robin,Wood,Isle of Man,2023-10-23,Premium
C00596,Anna,Walker,Cameroon,2023-09-07,Standard
C00597,Jose,Donovan,Mozambique,2025-05-22,Standard
C00598,Kenneth,Gonzalez,Denmark,2025-03-25,Standard
C00599,Ashley,Sanchez,Mexico,2026-05-25,Standard
C00600,Sherry,Morgan,Serbia,2025-09-10,Standard
C00601,Tammy,May,Liechtenstein,2025-07-28,Standard
C00602,Gary,Norton,Chile,2024-03-17,Standard
C00603,Jennifer,Freeman,United States Virgin Islands,2025-12-02,Standard
C00604,Veronica,Bernard,Malta,2023-10-04,Standard
C00605,Mary,Jones,Svalbard & Jan Mayen Islands,2026-06-16,Standard
C00606,Brandon,Smith,Burundi,2026-04-18,Standard
C00607,Jesse,Mann,Algeria,2024-07-17,Standard
C00608,William,Brooks,Niger,2026-04-29,Standard
C00609,Elizabeth,Jensen,Liberia,2026-06-02,Standard
C00610,Tony,Smith,Micronesia,2025-05-12,Standard
C00611,Alexander,Moreno,Falkland Islands (Malvinas),2025-11-22,Standard
C00612,Tiffany,Smith,Suriname,2026-08-01,Premium
C00613,Emily,Drake,United States of America,2024-05-17,Standard
C00614,Daniel,Davis,Canada,2024-08-21,Standard
C00615,James,Fox,Suriname,2025-02-13,Premium
C00616,Joseph,Sanders,Holy See (Vatican City State),2025-05-04,Premium
C00617,Stephen,Sanchez,Qatar,2024-07-28,Standard
C00618,Kevin,Clayton,Belgium,2026-05-24,Standard
C00619,Victoria,Santos,Antigua and Barbuda,2024-01-05,Premium
C00620,Richard,Bennett,Lebanon,2023-11-08,Premium
C00621,Dana,Warner,Belize,2025-09-27,Standard
C00622,Megan,Newman,Greenland,2026-01-08,Standard
C00623,Tiffany,Dickson,Ukraine,2025-11-10,Standard
C00624,Samantha,Hall,United Arab Emirates,2026-07-23,Standard
C00625,Paige,Alvarez,Aruba,2023-12-06,Standard
C00626,Gabrielle,Ramirez,Mayotte,2026-01-04,Standard
C00627,Dominique,White,Thailand,2024-12-13,Standard
C00628,Alexis,Clark,Cambodia,2025-04-22,Premium
C00629,Sarah,Evans,Mongolia,2024-08-20,Standard
C00630,Ashley,Atkinson,Philippines,2025-11-29,Standard
C00631,Martin,Campos,Burundi,2026-07-18,Premium
C00632,Jennifer,Mason,Guatemala,2023-11-04,Premium
C00633,Connor,Hall,Belarus,2025-01-23,Standard
C00634,Cassie,Austin,Nepal,2025-04-20,Standard
C00635,Tanya,Nguyen,North Macedonia,2024-10-10,Standard
C00636,Kristen,Hayes,Denmark,2025-02-15,Standard
C00637,Angela,Bennett,Colombia,2026-07-03,Standard
C00638,Brenda,James,Sierra Leone,2026-03-30,Standard
C00639,Kenneth,Wright,Barbados,2023-12-18,Standard
C00640,Joseph,James,Slovenia,2026-04-23,Standard
C00641,Eric,Price,Guyana,2024-01-25,Standard
C00642,Christopher,Hahn,Kenya,2025-02-22,Standard
C00643,Kathleen,Garcia,Benin,2024-05-30,Standard
C00644,Ryan,Hawkins,Malaysia,2025-05-07,Standard
C00645,Dakota,Davis,Micronesia,2024-01-04,Standard
C00646,Candice,Mueller,Tonga,2025-04-02,Premium
C00647,Alexander,Gutierrez,Slovakia (Slovak Republic),2023-12-22,Standard
C00648,Jenny,Hansen,Ecuador,2026-01-17,Standard
C00649,Adriana,Jennings,Chile,2024-03-15,Premium
C00650,Joseph,Adams,Cameroon,2023-11-19,Standard
C00651,Gary,Hill,French Southern Territories,2025-09-03,Standard
C00652,Kirsten,Ward,Western Sahara,2024-08-30,Standard
C00653,Jennifer,Simpson,Nicaragua,2024-06-11,Standard
C00654,Stephen,Taylor,Albania,2025-04-18,Premium
C00655,Martin,Oliver,Spain,2025-01-05,Standard
C00656,Scott,Jordan,Swaziland,2026-05-20,Standard
C00657,Terri,Taylor,Gibraltar,2026-03-07,Standard
C00658,Stacey,Harris,Germany,2024-05-14,Standard
C00659,Tamara,Novak,French Guiana,2026-07-27,Standard
C00660,Cynthia,Faulkner,Slovenia,2024-08-23,Standard
C00661,Mark,Ramirez,Solomon Islands,2025-04-14,Standard
C00662,Michael,Frederick,Cook Islands,2026-02-17,Business
C00663,Wendy,White,Seychelles,2025-12-14,Standard
C00664,Anthony,Acosta,Western Sahara,2024-07-03,Standard
C00665,Samuel,Carter,Puerto Rico,2023-11-28,Standard
C00666,Lori,Flynn,Ireland,2026-06-23,Standard
C00667,Victor,Schultz,Dominican Republic,2024-09-08,Standard
C00668,Donna,Espinoza,Somalia,2025-03-20,Standard
C00669,Charles,Ewing,Lesotho,2026-02-02,Standard
C00670,Richard,Hunter,Uruguay,2026-07-22,Standard
C00671,Robert,Johnson,Guyana,2026-08-06,Standard
C00672,Paula,Herrera,Northern Mariana Islands,2023-12-23,Premium
C00673,Daniel,Wright,Papua New Guinea,2025-02-14,Standard
C00674,Gabriel,Salazar,Mongolia,2026-05-11,Standard
C00675,Erica,Ross,Sao Tome and Principe,2025-01-09,Standard
C00676,Tammy,Jordan,Algeria,2024-01-13,Business
C00677,Jonathan,Dixon,Maldives,2025-12-26,Standard
C00678,Beverly,Johnston,Kiribati,2025-03-16,Standard
C00679,Peter,Barton,Namibia,2026-07-20,Business
C00680,Vincent,Cooper,Anguilla,2025-08-31,Premium
C00681,Dan,Perry,Belize,2024-02-09,Premium
C00682,Marie,Cross,Guernsey,2024-12-09,Standard
C00683,Matthew,Mueller,Mali,2025-09-01,Standard
C00684,Michael,Davis,Saint Helena,2026-07-30,Standard
C00685,Shaun,Jones,Aruba,2024-02-07,Premium
C00686,Andrew,Cooper,Botswana,2026-06-29,Standard
C00687,Lauren,Spears,Saint Vincent and the Grenadines,2024-08-25,Standard
C00688,Zachary,Arnold,Greenland,2025-12-29,Standard
C00689,Ronald,Murray,South Georgia and the South Sandwich Islands,2025-05-03,Premium
C00690,Crystal,Lopez,Palestinian Territory,2025-06-14,Standard
C00691,Randall,Mclaughlin,Turks and Caicos Islands,2024-06-14,Standard
C00692,Shannon,Jordan,Albania,2026-08-11,Standard
C00693,Jason,Ramirez,Romania,2023-11-18,Standard
C00694,Barbara,Lloyd,Mauritania,2024-05-29,Standard
C00695,Michael,Gonzalez,Brazil,2024-09-23,Standard
C00696,Emily,Burns,Northern Mariana Islands,2024-12-11,Standard
C00697,Candice,Carr,Namibia,2024-02-06,Standard
C00698,Michael,Bruce,Niger,2024-05-07,Standard
C00699,Lisa,Mccarthy,French Southern Territories,2026-03-24,Standard
C00700,Brittany,Powers,Germany,2024-02-12,Standard
C00701,John,Wilson,Holy See (Vatican City State),2026-07-25,Standard
C00702,Donald,Price,Nepal,2024-03-14,Standard
C00703,Bailey,Henderson,Libyan Arab Jamahiriya,2026-04-26,Standard
C00704,Amanda,Ellison,Venezuela,2024-05-08,Standard
C00705,Angela,Burns,Burundi,2024-05-29,Standard
C00706,Leonard,Hayes,Austria,2025-02-20,Business
C00707,Stephanie,Washington,Congo,2025-03-31,Standard
C00708,Tamara,Wagner,Lithuania,2025-05-09,Premium
C00709,Gail,Perry,Tajikistan,2025-07-02,Standard
C00710,Tracy,Miller,Antarctica (the territory South of 60 deg S),2024-07-20,Standard
C00711,Kelly,Hill,Mauritania,2024-11-03,Premium
C00712,Gary,Ellis,Samoa,2025-09-20,Standard
C00713,Andrea,Wilson,Brazil,2024-10-02,Standard
C00714,Kimberly,Morrow,Haiti,2025-12-02,Standard
C00715,Lynn,Williams,Saint Helena,2025-06-28,Standard
C00716,Amy,Fritz,Bosnia and Herzegovina,2026-05-24,Premium
C00717,Karen,Evans,Antigua and Barbuda,2025-07-11,Premium
C00718,Jose,Atkins,Benin,2025-06-25,Business
C00719,Michelle,Wilson,Sudan,2024-08-15,Standard
C00720,Jason,Rojas,Portugal,2025-02-07,Premium
C00721,Michelle,Bishop,Japan,2024-04-26,Premium
C00722,Christina,Glover,Suriname,2024-06-29,Standard
C00723,Linda,Hudson,Martinique,2024-10-22,Standard
C00724,Candice,Jackson,Romania,2024-11-09,Premium
C00725,Keith,Adams,Togo,2025-10-20,Standard
C00726,Tricia,Shelton,Bhutan,2024-03-10,Premium
C00727,Sydney,Floyd,Uruguay,2023-11-13,Standard
C00728,Victoria,Camacho,Brunei Darussalam,2026-08-06,Premium
C00729,Michelle,Wright,Rwanda,2024-12-25,Standard
C00730,Maria,Juarez,Philippines,2025-04-14,Standard
C00731,Tracy,Ray,Ethiopia,2026-04-14,Standard
C00732,Robert,Hayes,North Macedonia,2024-01-04,Premium
C00733,Richard,Brady,Puerto Rico,2025-03-08,Standard
C00734,Shawn,Freeman,Mozambique,2023-08-16,Standard
C00735,Misty,Boone,Bermuda,2025-07-25,Standard
C00736,Cynthia,Terry,Thailand,2023-11-19,Premium
C00737,Laura,Sanders,Japan,2024-07-07,Standard
C00738,Troy,Morris,Finland,2025-01-18,Premium
C00739,Amy,Anderson,Timor-Leste,2025-09-04,Standard
C00740,Kristina,Shannon,Serbia,2023-10-27,Standard
C00741,Brandon,Sims,Taiwan,2025-07-26,Standard
C00742,Allen,Noble,Cayman Islands,2025-06-28,Standard
C00743,Stephen,Braun,Japan,2024-06-22,Premium
C00744,Wendy,Blankenship,Turkmenistan,2026-05-18,Standard
C00745,Kevin,Baxter,Turkey,2024-10-11,Standard
C00746,Clarence,Ward,Belize,2025-03-12,Premium
C00747,Elizabeth,Banks,Austria,2025-04-19,Standard
C00748,Connie,Barber,Saudi Arabia,2024-08-10,Standard
C00749,Ruben,Davis,Bhutan,2023-08-14,Premium
C00750,Jason,Miller,Nauru,2024-07-29,Standard
C00751,April,Wallace,Algeria,2026-07-28,Standard
C00752,Matthew,Martinez,Tokelau,2025-05-30,Premium
C00753,Heather,Woods,Denmark,2025-03-30,Standard
C00754,Christopher,Shaffer,Bosnia and Herzegovina,2024-12-11,Standard
C00755,Michael,Evans,Hong Kong,2024-03-06,Standard
C00756,Darlene,Byrd,Bangladesh,2025-11-14,Premium
C00757,Anna,Bishop,Chad,2025-06-26,Standard
C00758,Michael,Lewis,San Marino,2024-04-04,Standard
C00759,Samantha,Jensen,Kenya,2024-07-15,Premium
C00760,Christopher,Garcia,Sao Tome and Principe,2024-02-20,Premium
C00761,Brittany,Cruz,Japan,2024-12-13,Standard
C00762,Kylie,Wright,Oman,2023-12-21,Standard
C00763,John,Burke,Saint Helena,2026-03-13,Standard
C00764,Justin,Pugh,Anguilla,2026-05-31,Premium
C00765,Nancy,Harris,New Caledonia,2025-10-12,Standard
C00766,Jacob,Myers,Oman,2023-11-05,Standard
C00767,Kristen,Leon,Dominican Republic,2025-09-19,Premium
C00768,Paul,Allen,Northern Mariana Islands,2026-02-20,Premium
C00769,Chad,Oneal,American Samoa,2025-02-23,Standard
C00770,Sarah,Anderson,Tokelau,2026-01-11,Premium
C00771,Robert,Payne,China,2025-08-13,Standard
C00772,Stephanie,Townsend,Andorra,2026-02-10,Premium
C00773,Carlos,Baker,Armenia,2023-11-14,Standard
C00774,Stacy,Sanders,France,2026-04-15,Standard
C00775,Jennifer,Wang,Jamaica,2026-08-07,Premium
C00776,Richard,Davidson,Mauritania,2026-03-26,Standard
C00777,Eric,Miller,Belgium,2025-10-15,Standard
C00778,Samantha,Mccann,Cape Verde,2025-11-23,Premium
C00779,Mark,Willis,Serbia,2026-05-18,Premium
C00780,Erin,Jones,Qatar,2025-06-22,Standard
C00781,Jessica,Mathis,Azerbaijan,2024-08-26,Standard
C00782,Christopher,Hamilton,Korea,2026-03-21,Standard
C00783,Chelsea,Parker,Saint Vincent and the Grenadines,2026-05-31,Standard
C00784,Joy,Wilson,Russian Federation,2024-03-13,Standard
C00785,Jacqueline,Martin,Zambia,2025-02-01,Standard
C00786,Alexandra,Logan,Saint Helena,2024-09-18,Premium
C00787,Gary,Martinez,Slovakia (Slovak Republic),2024-10-03,Standard
C00788,Jessica,Wilson,United Arab Emirates,2023-09-27,Standard
C00789,Matthew,Patterson,Malta,2023-11-20,Standard
C00790,Jose,Proctor,Niue,2023-12-10,Premium
C00791,Tyler,Dixon,Azerbaijan,2025-09-27,Standard
C00792,Michele,Jackson,Cayman Islands,2024-09-12,Standard
C00793,Kerri,Shannon,Peru,2024-02-08,Standard
C00794,Jeremy,Hicks,Aruba,2023-09-01,Standard
C00795,John,Ruiz,Hungary,2024-04-02,Standard
C00796,Harold,Horne,Argentina,2025-12-18,Premium
C00797,Linda,Klein,Palau,2025-05-25,Premium
C00798,Jeffrey,Wright,United States Virgin Islands,2024-12-22,Standard
C00799,Joseph,Miller,Holy See (Vatican City State),2024-02-14,Standard
C00800,Wayne,Winters,Christmas Island,2024-07-24,Premium
C00801,Linda,Jarvis,Zimbabwe,2025-04-26,Premium
C00802,Casey,Marshall,Finland,2024-12-07,Standard
C00803,Mark,Tran,Algeria,2025-03-08,Standard
C00804,James,Elliott,Gabon,2026-04-06,Standard
C00805,John,Richardson,Lithuania,2024-06-11,Standard
C00806,Jessica,Payne,South Africa,2024-08-27,Premium
C00807,Edward,Randolph,Anguilla,2024-08-08,Premium
C00808,Amber,Fields,Puerto Rico,2023-08-27,Premium
C00809,Stephanie,Smith,Palestinian Territory,2025-03-19,Standard
C00810,Melinda,Acosta,Bosnia and Herzegovina,2024-06-26,Standard
C00811,Alyssa,Allen,Liechtenstein,2023-11-14,Business
C00812,Teresa,Thomas,Fiji,2024-01-04,Premium
C00813,Bradley,Hall,Tanzania,2025-10-28,Standard
C00814,Robert,Huang,Kuwait,2023-12-22,Premium
C00815,Beverly,Wagner,Northern Mariana Islands,2025-04-16,Premium
C00816,Charles,Bradley,Jordan,2026-06-07,Standard
C00817,Tamara,Young,Eritrea,2024-12-14,Standard
C00818,Sara,Long,Switzerland,2024-12-31,Standard
C00819,Louis,Nelson,Belarus,2024-06-22,Standard
C00820,Derek,Carrillo,Botswana,2024-04-10,Standard
C00821,Daniel,Cole,Germany,2025-05-05,Premium
C00822,David,Howard,Sierra Leone,2024-06-30,Standard
C00823,Shannon,Ford,Timor-Leste,2024-02-15,Standard
C00824,Christopher,Aguirre,Gabon,2026-08-11,Standard
C00825,Heidi,Williams,Syrian Arab Republic,2025-01-03,Standard
C00826,Eddie,Dawson,Guinea-Bissau,2025-04-19,Premium
C00827,William,Byrd,Eritrea,2024-05-09,Standard
C00828,Anthony,Sullivan,Korea,2025-12-23,Standard
C00829,Kaitlin,Wright,Kyrgyz Republic,2024-01-18,Premium
C00830,Linda,Taylor,American Samoa,2023-11-16,Standard
C00831,Maria,Haas,Bulgaria,2024-06-15,Standard
C00832,Madison,Watson,Norfolk Island,2026-05-10,Standard
C00833,Christopher,Willis,United States Virgin Islands,2023-12-07,Standard
C00834,Andrew,Brown,United Kingdom,2026-05-12,Standard
C00835,Scott,Anderson,United Kingdom,2025-01-09,Standard
C00836,David,Dunlap,Australia,2024-04-29,Standard
C00837,Sandra,Hamilton,Saint Kitts and Nevis,2025-04-17,Premium
C00838,Tyler,Reyes,Japan,2024-05-07,Standard
C00839,Michael,Odonnell,Falkland Islands (Malvinas),2024-10-20,Standard
C00840,Sean,Hernandez,Nicaragua,2026-03-31,Standard
C00841,Christina,Holland,Luxembourg,2025-05-14,Standard
C00842,Nicole,Mendoza,Benin,2024-10-20,Standard
C00843,Patrick,Barnes,Norway,2025-11-06,Standard
C00844,John,Mcknight,Mayotte,2023-09-12,Business
C00845,Veronica,Casey,Guinea-Bissau,2025-08-27,Standard
C00846,Amy,Washington,United States Minor Outlying Islands,2026-01-07,Standard
C00847,Wayne,Price,Cocos (Keeling) Islands,2023-09-22,Standard
C00848,Luis,Robinson,Ukraine,2024-10-22,Business
C00849,Brian,Frey,Marshall Islands,2025-02-18,Standard
C00850,Katie,Key,Cayman Islands,2024-01-15,Standard
C00851,John,Allen,Martinique,2023-11-07,Standard
C00852,Kathryn,Gould,Morocco,2025-04-07,Premium
C00853,Michael,Combs,Tanzania,2024-05-08,Standard
C00854,Gregory,Watkins,Sri Lanka,2026-07-31,Premium
C00855,Michael,Vargas,Romania,2026-08-05,Standard
C00856,Michael,Bradley,Cambodia,2026-01-03,Standard
C00857,Stacy,Copeland,Sudan,2025-09-15,Standard
C00858,Amber,Thompson,Argentina,2023-12-31,Standard
C00859,Brian,Guzman,Angola,2025-11-07,Standard
C00860,Timothy,Rivera,Nicaragua,2024-06-20,Standard
C00861,Lindsay,Peterson,Christmas Island,2024-12-27,Premium
C00862,Brian,Hernandez,Romania,2024-03-20,Standard
C00863,Kim,Mathis,Tokelau,2025-03-01,Standard
C00864,Susan,Brooks,Western Sahara,2026-06-06,Standard
C00865,Randall,Garcia,Gabon,2024-12-26,Standard
C00866,Derek,Moore,Yemen,2025-06-21,Standard
C00867,Latoya,Yu,Pakistan,2024-12-17,Standard
C00868,Grant,Novak,Puerto Rico,2026-03-23,Standard
C00869,Kristin,Walker,Namibia,2024-05-11,Premium
C00870,Nicholas,Gross,French Polynesia,2024-02-26,Premium
C00871,Gregory,Smith,Reunion,2026-01-18,Standard
C00872,Peter,Gamble,Montenegro,2023-10-02,Standard
C00873,Ian,Flores,Sudan,2026-03-19,Standard
C00874,Jeffrey,Cunningham,Vietnam,2025-09-21,Standard
C00875,Donald,Mcgee,Dominica,2025-02-01,Standard
C00876,Toni,Jackson,Turks and Caicos Islands,2023-12-28,Standard
C00877,Lorraine,Santiago,Saint Lucia,2025-01-15,Premium
C00878,Sean,Baker,Egypt,2026-07-24,Standard
C00879,Carlos,Scott,Botswana,2023-08-14,Standard
C00880,Brandon,Kim,Italy,2024-04-27,Standard
C00881,Nicole,Snyder,Honduras,2025-02-08,Standard
C00882,Amy,Garcia,Lesotho,2026-01-26,Standard
C00883,Debra,Mcdaniel,Central African Republic,2025-07-14,Standard
C00884,Charles,Singleton,French Polynesia,2023-09-13,Standard
C00885,Lucas,Lynn,Barbados,2025-01-24,Premium
C00886,George,Bennett,Saint Martin,2023-12-07,Standard
C00887,Amy,Villanueva,Bermuda,2025-01-18,Standard
C00888,Brooke,Austin,Liberia,2026-08-11,Standard
C00889,Anthony,Dunlap,Chad,2026-03-13,Standard
C00890,Pamela,Moore,Bolivia,2025-01-08,Standard
C00891,Jamie,Lee,Qatar,2025-12-20,Premium
C00892,Jennifer,Blair,Estonia,2026-06-04,Premium
C00893,Juan,Young,Australia,2025-04-14,Premium
C00894,Ashley,Larsen,Cape Verde,2023-11-05,Standard
C00895,Michael,Patterson,French Polynesia,2026-06-06,Standard
C00896,Colleen,Castillo,Bhutan,2023-09-21,Standard
C00897,Jamie,Little,Belgium,2025-08-17,Standard
C00898,Megan,Parker,Indonesia,2025-08-13,Premium
C00899,Tracy,Guerrero,Bermuda,2026-05-06,Standard
C00900,Amy,Lopez,Turks and Caicos Islands,2025-03-27,Standard
C00901,Mike,Griffin,Estonia,2025-06-26,Standard
C00902,Steven,Perez,Ethiopia,2026-01-05,Standard
C00903,Bryan,Goodwin,Papua New Guinea,2024-01-10,Standard
C00904,Christopher,Cooper,Mauritius,2025-05-17,Standard
C00905,Tara,Lawrence,Micronesia,2023-11-15,Standard
C00906,Mary,Cardenas,Italy,2025-11-21,Premium
C00907,Gloria,Mayer,Montserrat,2024-08-13,Premium
C00908,Thomas,Miller,United Kingdom,2023-10-05,Standard
C00909,Wayne,Lester,South Georgia and the South Sandwich Islands,2026-01-16,Standard
C00910,Erica,Oliver,British Indian Ocean Territory (Chagos Archipelago),2025-07-10,Standard
C00911,Gerald,Joyce,Croatia,2024-06-07,Standard
C00912,David,Henderson,Pitcairn Islands,2025-06-19,Standard
C00913,James,Carson,Cameroon,2026-02-22,Standard
C00914,Jonathan,Bartlett,United States Virgin Islands,2023-11-25,Standard
C00915,Christopher,Hawkins,Micronesia,2024-12-31,Standard
C00916,Melissa,Stone,United States Virgin Islands,2023-09-01,Standard
C00917,Kristin,Dean,Mali,2025-05-25,Standard
C00918,Daniel,Hernandez,Montenegro,2026-02-11,Premium
C00919,Brandi,Hanna,Bolivia,2024-01-24,Premium
C00920,Anna,Garcia,France,2025-11-22,Standard
C00921,Nicole,Humphrey,Estonia,2025-03-30,Premium
C00922,Diana,Armstrong,Lebanon,2023-10-10,Standard
C00923,Gerald,Powell,Niger,2026-03-15,Premium
C00924,Erin,Morales,Indonesia,2025-01-08,Premium
C00925,Hannah,Williams,Lebanon,2024-10-03,Standard
C00926,Penny,Smith,Svalbard & Jan Mayen Islands,2024-11-25,Standard
C00927,Larry,Cameron,Togo,2026-07-29,Standard
C00928,Gail,Compton,Denmark,2024-03-08,Standard
C00929,Kevin,Manning,Singapore,2024-12-23,Standard
C00930,Joseph,Butler,Oman,2023-12-29,Standard
C00931,Jacob,Lewis,Swaziland,2025-05-06,Standard
C00932,Joyce,Malone,Trinidad and Tobago,2025-03-15,Premium
C00933,Lori,Robertson,Cayman Islands,2023-11-22,Business
C00934,Larry,Hunter,Burkina Faso,2025-11-04,Standard
C00935,Natasha,Johnson,Congo,2024-06-19,Standard
C00936,Mary,Wright,Korea,2023-10-30,Standard
C00937,Samantha,Bush,Falkland Islands (Malvinas),2025-03-07,Standard
C00938,Madison,Wagner,North Macedonia,2024-02-21,Premium
C00939,Erin,Allen,Liechtenstein,2026-02-20,Standard
C00940,Sean,Horne,Lebanon,2026-02-09,Standard
C00941,Andrea,Cooper,Taiwan,2024-09-17,Standard
C00942,Kaitlyn,Barker,Finland,2023-09-24,Standard
C00943,Paul,Martin,Montserrat,2024-07-10,Standard
C00944,Mercedes,Holland,Philippines,2024-06-29,Premium
C00945,Joseph,Ortiz,Angola,2026-07-07,Standard
C00946,Alan,Buck,Oman,2024-05-08,Standard
C00947,Carolyn,Smith,El Salvador,2026-03-15,Standard
C00948,Linda,Torres,Russian Federation,2026-05-07,Premium
C00949,Joshua,Woodard,Timor-Leste,2025-02-04,Premium
C00950,Stephen,Robinson,Gabon,2026-06-29,Standard
C00951,Abigail,Hanson,Myanmar,2024-01-18,Standard
C00952,Adrian,Key,Tajikistan,2025-03-16,Standard
C00953,Anna,Wheeler,Finland,2024-11-18,Standard
C00954,Gabrielle,Olson,Guadeloupe,2024-10-15,Premium
C00955,Danielle,Hensley,Eritrea,2026-05-28,Standard
C00956,Jennifer,Stafford,French Southern Territories,2024-05-31,Standard
C00957,Edward,Cannon,United Arab Emirates,2023-11-09,Standard
C00958,Linda,Lang,Netherlands Antilles,2025-05-01,Standard
C00959,Donna,Becker,Saint Helena,2023-09-21,Standard
C00960,Diana,Bright,Eritrea,2025-05-24,Premium
C00961,Richard,Doyle,Myanmar,2026-01-17,Standard
C00962,Lisa,Cooper,Rwanda,2024-07-23,Standard
C00963,Gina,Little,Lebanon,2026-06-21,Standard
C00964,Michael,Evans,Chile,2026-05-30,Standard
C00965,Nancy,White,Bhutan,2025-08-13,Standard
C00966,David,Green,Sri Lanka,2025-12-28,Standard
C00967,Kathryn,White,Pitcairn Islands,2025-01-15,Premium
C00968,Destiny,Walker,Czech Republic,2024-12-02,Standard
C00969,Robert,Eaton,Holy See (Vatican City State),2024-09-20,Standard
C00970,Brenda,Ford,British Indian Ocean Territory (Chagos Archipelago),2025-08-12,Standard
C00971,Brian,Walters,Mozambique,2026-04-03,Standard
C00972,Charles,Preston,Macao,2024-02-15,Premium
C00973,Mikayla,James,French Southern Territories,2025-05-15,Premium
C00974,Brian,Dickerson,Burundi,2024-06-19,Standard
C00975,Matthew,Benitez,Uganda,2025-07-23,Standard
C00976,Douglas,Huffman,Cocos (Keeling) Islands,2023-12-16,Standard
C00977,Tony,Welch,Christmas Island,2024-12-11,Standard
C00978,Cynthia,Smith,Falkland Islands (Malvinas),2024-07-03,Standard
C00979,Kathleen,Jackson,Serbia,2024-04-15,Standard
C00980,Tracy,Gallagher,Benin,2024-03-01,Standard
C00981,Christina,Schultz,Iraq,2025-06-09,Standard
C00982,Tammy,Reyes,Argentina,2025-11-19,Premium
C00983,James,Watson,American Samoa,2024-12-25,Standard
C00984,Katherine,Schmidt,Andorra,2026-06-29,Standard
C00985,Adam,Gross,Czech Republic,2026-07-25,Premium
C00986,Natalie,Collins,Bosnia and Herzegovina,2025-03-30,Standard
C00987,Wesley,Torres,Bahrain,2023-10-23,Standard
C00988,Kenneth,Carter,Saint Lucia,2025-10-29,Standard
C00989,Caitlyn,Morgan,Tuvalu,2026-07-14,Standard
C00990,Wendy,Cooper,United Arab Emirates,2025-09-12,Premium
C00991,Michael,Lopez,Yemen,2025-04-30,Premium
C00992,Andrew,Walker,Bulgaria,2024-07-06,Standard
C00993,Jessica,Lawrence,Chile,2024-02-20,Standard
C00994,Michael,Santos,Argentina,2025-03-17,Standard
C00995,Nancy,Scott,Martinique,2026-04-07,Standard
C00996,Brandon,Vang,Panama,2024-01-27,Standard
C00997,Desiree,Smith,Portugal,2024-02-08,Premium
C00998,Robert,James,Mexico,2024-09-08,Standard
C00999,Thomas,Hernandez,Puerto Rico,2026-07-13,Business
C01000,Crystal,Turner,Panama,2024-01-16,Standard
C01001,Elaine,Nelson,New Caledonia,2026-08-05,Standard
C01002,Derrick,Rivas,Bosnia and Herzegovina,2025-10-15,Standard
C01003,Jennifer,Wilson,Brazil,2024-01-25,Premium
C01004,Tyler,Lynch,Slovakia (Slovak Republic),2024-09-24,Premium
C01005,Marie,Dudley,Guinea-Bissau,2026-08-09,Premium
C01006,Robert,Martin,Mexico,2025-09-22,Standard
C01007,Renee,Watts,Liberia,2025-01-07,Standard
C01008,Jimmy,Smith,Benin,2024-01-31,Premium
C01009,Mary,Caldwell,Canada,2023-12-30,Standard
C01010,Kimberly,Jones,Saint Kitts and Nevis,2024-01-17,Standard
C01011,Rebecca,Newman,Korea,2024-11-14,Standard
C01012,Joseph,Williams,Suriname,2024-05-10,Business
C01013,Morgan,Phelps,Guyana,2026-06-29,Premium
C01014,Larry,Rodgers,Bhutan,2023-10-23,Standard
C01015,Alec,Taylor,Oman,2024-05-03,Premium
C01016,Mark,Kline,Zimbabwe,2026-04-04,Premium
C01017,Joseph,Quinn,Holy See (Vatican City State),2025-01-26,Standard
C01018,Ian,Morales,Korea,2024-10-08,Standard
C01019,Mary,Vaughn,Lesotho,2025-05-29,Premium
C01020,Deborah,Robles,Bouvet Island (Bouvetoya),2024-03-05,Standard
C01021,Heather,Brown,Western Sahara,2024-04-16,Standard
C01022,Dale,Pruitt,Liberia,2026-01-12,Standard
C01023,Erika,White,Hong Kong,2025-02-20,Premium
C01024,Cheryl,Huffman,Turkmenistan,2024-03-02,Business
C01025,Timothy,Freeman,Tuvalu,2025-05-12,Premium
C01026,Scott,Brown,Palau,2024-12-13,Standard
C01027,Alexander,Oneill,Malta,2026-01-24,Premium
C01028,Jennifer,Walker,Zimbabwe,2026-06-18,Premium
C01029,Morgan,Stone,Portugal,2026-08-05,Standard
C01030,Christine,Reynolds,Saint Lucia,2024-09-02,Premium
C01031,Timothy,Alvarado,Norway,2025-04-01,Standard
C01032,Edgar,Serrano,Uganda,2026-03-22,Standard
C01033,Brian,Schneider,Cayman Islands,2025-10-06,Standard
C01034,Melinda,Christian,Trinidad and Tobago,2024-04-25,Standard
C01035,Charles,Vasquez,Dominican Republic,2025-01-08,Standard
C01036,Tara,Williams,Czech Republic,2025-12-15,Standard
C01037,Dawn,Powell,Dominica,2023-12-13,Standard
C01038,Stephen,Solis,Kiribati,2023-12-27,Premium
C01039,Melissa,West,British Indian Ocean Territory (Chagos Archipelago),2025-09-23,Standard
C01040,Julie,Smith,Iraq,2025-05-14,Standard
C01041,Barry,Dunn,Sweden,2024-01-01,Standard
C01042,Latoya,Richmond,Northern Mariana Islands,2024-11-28,Premium
C01043,Pamela,Hart,Palau,2026-06-21,Standard
C01044,Stephen,Peterson,Sweden,2023-11-05,Standard
C01045,Lisa,Richard,Greenland,2025-12-30,Premium
C01046,Katrina,Greene,Saint Barthelemy,2026-05-29,Standard
C01047,Michael,Chavez,Bhutan,2026-06-01,Standard
C01048,Jeffrey,Peterson,Switzerland,2026-04-23,Standard
C01049,Tamara,Carter,Mali,2025-03-15,Premium
C01050,Jacqueline,Williams,Chad,2025-09-15,Standard
C01051,Donald,Love,Saint Helena,2025-05-09,Premium
C01052,Daniel,Carr,Comoros,2024-02-16,Standard
C01053,Sarah,Long,Kuwait,2024-06-04,Premium
C01054,Jennifer,Rodriguez,Israel,2023-10-24,Premium
C01055,Sara,Monroe,Namibia,2024-02-20,Business
C01056,Kelsey,Hayes,Palestinian Territory,2026-02-13,Standard
C01057,Stephanie,Taylor,Luxembourg,2023-08-19,Premium
C01058,Alyssa,Williams,Vietnam,2025-06-15,Standard
C01059,Mary,Webb,Malawi,2024-05-14,Standard
C01060,Heather,Thompson,Suriname,2024-02-28,Standard
C01061,Dale,Sandoval,New Caledonia,2024-12-24,Premium
C01062,William,Cruz,New Caledonia,2026-07-23,Business
C01063,Kathryn,Hill,Guam,2024-11-11,Premium
C01064,Shawn,Anderson,Isle of Man,2026-03-05,Standard
C01065,Holly,Goodman,French Southern Territories,2026-08-06,Standard
C01066,Amy,Edwards,Saint Pierre and Miquelon,2025-12-19,Premium
C01067,Cynthia,Harris,Nigeria,2024-11-06,Standard
C01068,Glenda,Morse,Bulgaria,2026-05-18,Standard
C01069,Theresa,Thompson,Mauritius,2026-07-26,Standard
C01070,Dana,Page,Senegal,2025-02-10,Standard
C01071,Anna,Aguilar,Western Sahara,2026-06-14,Standard
C01072,Jennifer,Craig,Uganda,2025-11-19,Standard
C01073,Justin,Boone,Sri Lanka,2023-09-01,Standard
C01074,Alexandra,Johnson,Cameroon,2023-11-03,Standard
C01075,Ellen,Gonzalez,Sao Tome and Principe,2024-04-19,Business
C01076,Tonya,Vega,Cameroon,2023-11-17,Standard
C01077,Hannah,Phillips,Sao Tome and Principe,2025-11-30,Standard
C01078,Antonio,Cervantes,Bosnia and Herzegovina,2026-03-27,Standard
C01079,Miranda,Stevenson,Tonga,2024-07-26,Standard
C01080,Julia,Hoffman,Dominica,2025-10-14,Premium
C01081,Kristen,Lindsey,France,2026-07-24,Premium
C01082,Elizabeth,House,Iceland,2025-05-21,Standard
C01083,Sue,Daugherty,Germany,2025-12-17,Standard
C01084,Brian,Manning,Cook Islands,2026-04-03,Premium
C01085,Misty,Dalton,Kenya,2024-07-28,Premium
C01086,Rhonda,Bush,Oman,2025-03-06,Standard
C01087,Kari,Payne,Netherlands,2024-06-13,Standard
C01088,Kimberly,Brandt,French Polynesia,2025-07-10,Standard
C01089,Gregory,Fleming,Colombia,2024-05-08,Business
C01090,Jill,Wilson,Armenia,2025-06-08,Standard
C01091,Joshua,Baker,Central African Republic,2026-02-05,Premium
C01092,Meghan,Smith,Lao People's Democratic Republic,2024-04-09,Standard
C01093,Bill,Mcfarland,Nepal,2023-10-31,Standard
C01094,Kim,Garrett,Tajikistan,2026-06-06,Standard
C01095,Kevin,Tyler,Mexico,2025-02-19,Standard
C01096,Charles,Zimmerman,Malta,2024-07-19,Standard
C01097,Susan,Meyer,Solomon Islands,2025-10-05,Standard
C01098,Erik,Daniels,Iraq,2024-01-02,Standard
C01099,Michael,Ware,Panama,2025-01-09,Premium
C01100,Mark,Carter,Zambia,2026-03-30,Standard
C01101,Alyssa,Barajas,Swaziland,2026-05-17,Standard
C01102,Alan,Caldwell,Kiribati,2024-08-20,Business
C01103,Rebecca,Austin,Nigeria,2024-08-25,Premium
C01104,Susan,Fleming,Gibraltar,2025-03-27,Premium
C01105,Ruth,Landry,Hungary,2024-09-14,Business
C01106,Amber,Campbell,United States Minor Outlying Islands,2025-10-23,Standard
C01107,Lynn,Brooks,Spain,2025-10-11,Standard
C01108,Sean,Williams,Ukraine,2026-05-21,Premium
C01109,James,Palmer,Yemen,2024-01-09,Standard
C01110,Gary,Huber,Mauritania,2025-11-18,Standard
C01111,Adrian,Jones,Paraguay,2026-04-16,Premium
C01112,Kim,Hancock,Jamaica,2024-01-21,Standard
C01113,Jamie,Poole,Turkey,2025-06-19,Standard
C01114,Deborah,Case,San Marino,2026-07-13,Standard
C01115,Eric,Stevens,Greenland,2023-10-10,Standard
C01116,Christopher,Brown,South Africa,2024-09-07,Standard
C01117,Angela,Andrews,Denmark,2024-09-17,Standard
C01118,Rickey,Hayes,Iraq,2025-06-15,Premium
C01119,Leslie,Price,British Indian Ocean Territory (Chagos Archipelago),2025-11-20,Standard
C01120,Adam,Cortez,Bahrain,2026-02-07,Standard
C01121,Brandon,Charles,Guinea-Bissau,2025-10-02,Premium
C01122,Daniel,Buchanan,Gabon,2026-03-12,Business
C01123,Christopher,Hubbard,Kazakhstan,2025-03-27,Premium
C01124,Randall,Guerrero,Lebanon,2024-04-11,Premium
C01125,Amanda,Taylor,India,2025-12-07,Standard
C01126,Kenneth,Walters,French Southern Territories,2026-06-30,Standard
C01127,Olivia,Sanford,Tonga,2026-05-15,Standard
C01128,Nathan,Herring,Micronesia,2025-12-22,Standard
C01129,Donald,Williams,Montserrat,2026-02-24,Standard
C01130,Phillip,Kelley,Belize,2024-11-28,Standard
C01131,Jason,Figueroa,Saint Kitts and Nevis,2025-01-28,Premium
C01132,Jason,Whitehead,Thailand,2025-10-17,Standard
C01133,Douglas,White,Nicaragua,2024-09-08,Standard
C01134,James,White,South Georgia and the South Sandwich Islands,2026-01-10,Standard
C01135,Melissa,York,Venezuela,2025-12-12,Standard
C01136,Steven,Dunn,French Guiana,2026-06-21,Standard
C01137,Carlos,Garcia,Saint Kitts and Nevis,2026-01-30,Premium
C01138,Tony,Rivera,Brunei Darussalam,2026-06-20,Standard
C01139,Diana,Garcia,Niger,2023-11-29,Standard
C01140,Rachel,Stewart,Korea,2025-01-04,Standard
C01141,Christina,Torres,Myanmar,2024-04-05,Premium
C01142,Ariana,Diaz,Germany,2025-06-08,Standard
C01143,Gary,Edwards,Solomon Islands,2024-07-22,Standard
C01144,Jennifer,Davidson,Falkland Islands (Malvinas),2025-02-21,Standard
C01145,Dennis,Quinn,Turkey,2025-08-27,Standard
C01146,Steven,Howard,Gambia,2025-09-07,Premium
C01147,Andrea,Thompson,New Caledonia,2023-12-18,Premium
C01148,Meagan,Trevino,Burundi,2025-11-26,Standard
C01149,James,Gross,Niue,2023-12-09,Premium
C01150,Jessica,Mcclain,Thailand,2025-10-08,Premium
C01151,Crystal,Hess,Mozambique,2025-05-03,Premium
C01152,Kayla,Lewis,Argentina,2025-12-16,Premium
C01153,Jorge,Shannon,Mauritius,2025-08-15,Standard
C01154,Desiree,Hernandez,India,2024-07-24,Standard
C01155,Patricia,Lawrence,Togo,2024-11-07,Standard
C01156,Dennis,Mason,Bermuda,2025-04-20,Premium
C01157,Michael,Smith,Dominican Republic,2026-03-23,Standard
C01158,Gabrielle,Todd,Burundi,2025-07-06,Premium
C01159,Erik,Knight,Mongolia,2026-06-02,Premium
C01160,Monica,Thomas,Saint Martin,2025-09-02,Standard
C01161,Sheila,Williams,Senegal,2025-09-08,Premium
C01162,Jesse,Baker,Djibouti,2023-10-18,Standard
C01163,Elizabeth,Holmes,Somalia,2025-02-24,Standard
C01164,Paul,Hardin,Turkmenistan,2023-10-24,Premium
C01165,Bill,Wong,Bosnia and Herzegovina,2026-08-10,Standard
C01166,Tanya,Schultz,Falkland Islands (Malvinas),2024-09-25,Premium
C01167,Beth,Hudson,Honduras,2026-05-24,Premium
C01168,Nicholas,Matthews,Ukraine,2023-12-11,Standard
C01169,Zachary,Bennett,United States of America,2024-07-24,Standard
C01170,Zachary,Gomez,Trinidad and Tobago,2025-01-29,Standard
C01171,Tommy,Olson,Netherlands,2023-08-23,Standard
C01172,Warren,Taylor,Chad,2024-08-04,Business
C01173,Chris,Schneider,Croatia,2024-04-02,Standard
C01174,Jacob,Cox,Saint Barthelemy,2024-02-12,Standard
C01175,Donna,Perry,Greenland,2024-02-05,Standard
C01176,Timothy,Mendoza,Cote d'Ivoire,2026-02-15,Standard
C01177,Evan,Whitaker,Angola,2024-08-25,Premium
C01178,Bradley,Berry,Central African Republic,2024-03-09,Standard
C01179,Crystal,Williams,Montserrat,2024-03-28,Premium
C01180,Brian,Scott,Cocos (Keeling) Islands,2025-10-23,Standard
C01181,Susan,Greene,Mongolia,2026-04-29,Business
C01182,Andrew,Ball,Panama,2024-10-26,Standard
C01183,Stacey,Robinson,New Caledonia,2025-08-14,Standard
C01184,Michelle,Jackson,Switzerland,2025-05-12,Premium
C01185,Carolyn,Norton,Swaziland,2024-05-21,Standard
C01186,Cindy,Dixon,Chad,2026-07-13,Premium
C01187,Matthew,Chavez,Nauru,2023-11-27,Standard
C01188,Jerry,Cruz,Botswana,2023-09-07,Standard
C01189,James,Heath,Madagascar,2026-07-11,Standard
C01190,Robert,Hernandez,Bhutan,2024-05-14,Premium
C01191,Thomas,Mendez,Argentina,2025-11-15,Standard
C01192,Wesley,Wilson,Liberia,2026-06-02,Standard
C01193,David,Munoz,Sweden,2023-08-14,Standard
C01194,Penny,Hampton,Pakistan,2025-06-13,Standard
C01195,Alexa,Wood,Aruba,2026-07-31,Standard
C01196,Alyssa,Perez,Spain,2025-08-30,Premium
C01197,Kristine,James,Namibia,2026-07-30,Business
C01198,Barbara,Coleman,Equatorial Guinea,2025-08-23,Business
C01199,Katie,Kent,Belize,2024-10-26,Premium
C01200,Carmen,Stephens,Equatorial Guinea,2024-06-01,Standard
C01201,Adam,Manning,Albania,2026-01-26,Premium
C01202,Alexandra,Meyer,Honduras,2026-05-25,Standard
C01203,Jamie,Brock,Ireland,2025-02-25,Standard
C01204,Daniel,Simmons,Myanmar,2024-09-10,Standard
C01205,Jose,Herrera,Mongolia,2025-03-03,Standard
C01206,Cheryl,Braun,Indonesia,2024-06-24,Premium
C01207,Robert,Bowers,Liberia,2024-05-16,Standard
C01208,Mitchell,Peters,El Salvador,2024-12-01,Standard
C01209,Becky,Schroeder,Indonesia,2024-03-14,Standard
C01210,Melissa,Hopkins,San Marino,2024-08-03,Business
C01211,Sean,Lyons,Central African Republic,2024-01-15,Standard
C01212,Jason,Morales,Guadeloupe,2025-12-15,Standard
C01213,Christina,Cohen,Austria,2024-04-18,Standard
C01214,Paul,Fields,Spain,2024-01-01,Premium
C01215,Madeline,Ruiz,Netherlands Antilles,2025-06-19,Standard
C01216,Christopher,Baker,Heard Island and McDonald Islands,2023-12-15,Standard
C01217,Chelsea,Ramsey,Venezuela,2025-04-26,Standard
C01218,Christina,Meyer,Rwanda,2026-02-26,Standard
C01219,Brian,Ayala,China,2026-05-03,Standard
C01220,Troy,Smith,Thailand,2026-05-29,Standard
C01221,Sarah,Holmes,Congo,2023-10-04,Business
C01222,Kristen,Dixon,Qatar,2024-08-06,Standard
C01223,Christina,Craig,Guyana,2024-08-18,Standard
C01224,Diana,Cantrell,Benin,2024-10-14,Premium
C01225,Kimberly,Gomez,Indonesia,2025-05-03,Standard
C01226,Brenda,Holmes,Saint Pierre and Miquelon,2026-08-10,Standard
C01227,Casey,Davis,Finland,2025-12-28,Standard
C01228,Robyn,Bailey,Suriname,2024-10-15,Standard
C01229,Jeremy,Mccarty,Korea,2025-05-01,Business
C01230,Bailey,Green,Ireland,2025-10-07,Standard
C01231,Daniel,Jones,French Polynesia,2025-01-22,Premium
C01232,Stacey,Pratt,Zimbabwe,2024-09-16,Standard
C01233,Nancy,Li,Morocco,2024-09-04,Standard
C01234,Heather,Church,Mongolia,2025-09-02,Standard
C01235,Kayla,Todd,Singapore,2025-07-25,Standard
C01236,Erin,Mosley,Tokelau,2023-09-24,Standard
C01237,Timothy,Scott,Hong Kong,2026-04-23,Premium
C01238,Kristina,Robinson,Reunion,2024-08-04,Standard
C01239,Lauren,Gutierrez,Guinea,2025-10-23,Business
C01240,Amanda,Haynes,Estonia,2024-09-01,Standard
C01241,Justin,Ross,San Marino,2025-01-25,Premium
C01242,Charles,Velazquez,Lebanon,2024-12-12,Premium
C01243,Michael,Shannon,Ethiopia,2024-05-22,Premium
C01244,Stacey,Vega,United States of America,2024-06-03,Premium
C01245,Victor,Gonzalez,Saint Pierre and Miquelon,2024-08-23,Premium
C01246,Monique,Clark,Cook Islands,2024-09-03,Standard
C01247,Mary,Kelly,Slovakia (Slovak Republic),2024-01-25,Standard
C01248,David,Miller,Zimbabwe,2026-06-08,Standard
C01249,Travis,Smith,Togo,2025-12-01,Premium
C01250,Susan,Charles,Holy See (Vatican City State),2026-04-03,Standard
C01251,Leslie,Villanueva,Turkmenistan,2026-01-21,Premium
C01252,Misty,Henry,Serbia,2025-10-15,Standard
C01253,Juan,Walker,Morocco,2024-02-28,Standard
C01254,Brian,Lloyd,Lesotho,2025-11-30,Standard
C01255,Antonio,Reed,Tokelau,2026-07-14,Standard
C01256,Kimberly,Bryant,British Indian Ocean Territory (Chagos Archipelago),2026-08-01,Standard
C01257,April,Stewart,Algeria,2023-08-31,Standard
C01258,Emily,Gray,Bolivia,2024-12-30,Standard
C01259,Michael,Hensley,Colombia,2025-12-12,Standard
C01260,Jose,Adams,New Zealand,2025-01-26,Standard
C01261,Michael,Jimenez,Cote d'Ivoire,2025-05-25,Standard
C01262,Jaclyn,Watson,Timor-Leste,2025-04-26,Premium
C01263,Joshua,White,Bulgaria,2026-01-23,Standard
C01264,Gina,Olsen,Saint Helena,2024-10-05,Standard
C01265,Linda,Peters,Togo,2025-03-26,Standard
C01266,James,Marsh,Saint Vincent and the Grenadines,2024-04-01,Standard
C01267,Thomas,Smith,Italy,2025-09-27,Standard
C01268,Dennis,Barry,Norfolk Island,2025-10-24,Standard
C01269,Amanda,Stewart,Libyan Arab Jamahiriya,2024-11-21,Standard
C01270,John,Garrison,Australia,2025-04-22,Standard
C01271,Corey,Martin,Cuba,2024-09-11,Standard
C01272,Thomas,Soto,Korea,2025-01-13,Premium
C01273,Jordan,Ward,Moldova,2024-09-16,Premium
C01274,Maurice,Jenkins,Guernsey,2026-07-03,Standard
C01275,Sylvia,Gonzalez,Morocco,2026-05-18,Standard
C01276,Debra,Thompson,Slovakia (Slovak Republic),2024-10-28,Standard
C01277,Michael,Nunez,Libyan Arab Jamahiriya,2025-07-07,Standard
C01278,Pamela,James,France,2025-08-02,Business
C01279,Crystal,Thomas,Chad,2026-05-04,Standard
C01280,Lindsey,Rogers,Norfolk Island,2026-03-21,Standard
C01281,Ashley,Sweeney,Barbados,2023-12-13,Standard
C01282,Fernando,Perez,Ghana,2026-05-23,Premium
C01283,Kelly,Adams,Oman,2025-04-18,Standard
C01284,Joseph,Wallace,Tokelau,2025-02-27,Standard
C01285,Julie,Meyer,Korea,2025-05-17,Standard
C01286,Gary,Dickerson,Brunei Darussalam,2024-08-11,Standard
C01287,Ebony,Shepard,Reunion,2023-12-15,Standard
C01288,Jason,Sanders,Bhutan,2023-11-20,Standard
C01289,Sharon,Kennedy,Austria,2023-09-22,Standard
C01290,Kelli,Warren,Belize,2024-01-21,Standard
C01291,Jose,Moore,Palau,2025-04-09,Standard
C01292,Kyle,Wright,Finland,2025-07-01,Standard
C01293,Courtney,Anderson,Taiwan,2024-05-04,Standard
C01294,Anthony,Alvarado,Tokelau,2024-12-30,Standard
C01295,Michelle,Mcdonald,Trinidad and Tobago,2025-11-29,Premium
C01296,Sarah,Dunn,Burkina Faso,2026-07-31,Standard
C01297,Amber,Garza,Korea,2026-04-19,Standard
C01298,Kaitlyn,Wiley,Jordan,2025-11-03,Standard
C01299,Danielle,Ferguson,United States of America,2025-02-02,Standard
C01300,Timothy,Perez,Benin,2025-06-29,Premium
C01301,Kyle,Gutierrez,Cape Verde,2024-11-26,Standard
C01302,Alex,Mills,Senegal,2024-03-11,Premium
C01303,Maurice,Harrison,Algeria,2026-07-16,Standard
C01304,Sandra,Arroyo,Lesotho,2024-11-20,Standard
C01305,Albert,Jordan,French Guiana,2026-02-25,Premium
C01306,Jerry,Smith,Holy See (Vatican City State),2024-05-31,Premium
C01307,Robert,Castro,Indonesia,2024-09-04,Premium
C01308,Frank,Mclaughlin,Iceland,2025-03-22,Premium
C01309,Jeffrey,Miller,Niue,2024-08-19,Standard
C01310,Zachary,Marsh,New Zealand,2026-07-25,Premium
C01311,Gail,Mitchell,Samoa,2025-11-16,Standard
C01312,Lisa,Gutierrez,Timor-Leste,2023-11-27,Premium
C01313,Ian,Roberts,Northern Mariana Islands,2025-07-20,Standard
C01314,Christine,Nelson,Nigeria,2025-09-15,Premium
C01315,Jacob,Smith,Australia,2025-11-21,Standard
C01316,Andrew,Compton,Finland,2024-10-04,Standard
C01317,David,Gonzales,Algeria,2024-08-08,Standard
C01318,Christopher,Smith,Cuba,2025-01-25,Premium
C01319,Robert,Floyd,Luxembourg,2025-03-11,Standard
C01320,Steven,Moody,Greenland,2023-12-15,Standard
C01321,Megan,Lynn,Azerbaijan,2024-09-29,Standard
C01322,Kimberly,Jones,Latvia,2024-05-21,Standard
C01323,James,Skinner,Svalbard & Jan Mayen Islands,2025-03-27,Premium
C01324,Maria,Martinez,Seychelles,2024-09-02,Standard
C01325,Paul,Proctor,Egypt,2023-10-04,Business
C01326,James,Moss,Bhutan,2025-10-30,Standard
C01327,Elizabeth,Clark,Iceland,2026-07-06,Standard
C01328,Susan,Mayer,Cayman Islands,2026-04-16,Premium
C01329,Jessica,Garner,Mexico,2025-10-30,Standard
C01330,David,Olson,French Southern Territories,2024-06-16,Standard
C01331,Michael,Williams,Papua New Guinea,2024-07-16,Standard
C01332,Teresa,Young,Jordan,2024-12-29,Premium
C01333,Alexis,Bauer,Myanmar,2024-02-14,Standard
C01334,Randy,Sanchez,Armenia,2026-01-31,Business
C01335,Kristen,Alvarez,Nepal,2024-04-09,Business
C01336,Nathan,Davis,Cayman Islands,2025-09-27,Standard
C01337,Christopher,Montgomery,Venezuela,2026-04-10,Standard
C01338,Brian,Kelly,Cape Verde,2026-08-06,Standard
C01339,Amanda,Rodriguez,Libyan Arab Jamahiriya,2024-08-08,Standard
C01340,Levi,Grant,Oman,2025-02-02,Standard
C01341,Linda,Gonzales,Congo,2023-09-15,Standard
C01342,Hannah,Howard,Burkina Faso,2024-09-05,Standard
C01343,Rachel,Washington,Kazakhstan,2025-12-28,Premium
C01344,Kenneth,Terry,Comoros,2026-01-09,Premium
C01345,Jacob,Bailey,Saint Martin,2025-08-09,Premium
C01346,Joshua,Guerra,United States Virgin Islands,2025-12-21,Standard
C01347,Ethan,Schmidt,Korea,2024-11-14,Standard
C01348,Lori,Weaver,Korea,2023-08-14,Standard
C01349,Kimberly,Hunter,Saint Martin,2024-05-27,Business
C01350,Nicole,Harvey,Haiti,2026-04-02,Standard
C01351,John,Le,Palestinian Territory,2025-11-27,Premium
C01352,Lori,Lee,Pitcairn Islands,2025-09-23,Standard
C01353,Katie,Moore,Finland,2024-12-26,Standard
C01354,Robert,Morris,Bhutan,2025-11-02,Premium
C01355,Donna,Williams,Wallis and Futuna,2024-03-01,Standard
C01356,Gregory,Johnson,Botswana,2025-09-04,Premium
C01357,James,Johnson,Norway,2025-04-07,Premium
C01358,Diane,Fox,Reunion,2026-02-15,Standard
C01359,Jonathan,Diaz,New Caledonia,2023-12-01,Standard
C01360,Alexander,Mccall,Palau,2025-09-14,Standard
C01361,Sarah,Collier,Lao People's Democratic Republic,2026-05-01,Premium
C01362,Bruce,Grant,Wallis and Futuna,2025-05-20,Standard
C01363,Lynn,Bauer,Azerbaijan,2026-03-28,Standard
C01364,Joseph,Williams,Barbados,2024-11-27,Standard
C01365,Christian,Lewis,Maldives,2024-01-10,Premium
C01366,Craig,Hall,Hungary,2024-06-02,Standard
C01367,James,Sandoval,Montenegro,2026-04-10,Premium
C01368,Stacey,Hansen,Moldova,2025-05-18,Premium
C01369,Julie,Miranda,Morocco,2025-02-19,Standard
C01370,Emily,Park,Japan,2024-01-21,Standard
C01371,Garrett,White,Iran,2025-10-05,Business
C01372,Matthew,Moore,Netherlands Antilles,2025-07-01,Standard
C01373,Sarah,Orr,Mexico,2024-12-29,Premium
C01374,Megan,Gutierrez,North Macedonia,2025-06-11,Standard
C01375,Margaret,Morris,Dominican Republic,2026-01-03,Standard
C01376,Amy,Brooks,Mexico,2024-09-10,Premium
C01377,Michael,Chavez,Indonesia,2023-08-13,Standard
C01378,Jessica,Bird,Nepal,2023-09-07,Standard
C01379,Zachary,Holder,Gabon,2023-08-23,Standard
C01380,Kevin,Walker,Togo,2024-12-14,Standard
C01381,Andrew,Short,Portugal,2024-10-14,Standard
C01382,Samantha,Dixon,Montserrat,2026-01-16,Standard
C01383,Eric,Johnson,Guinea-Bissau,2024-04-11,Business
C01384,Devon,Richardson,Myanmar,2024-09-04,Standard
C01385,Jesse,Shepherd,Bermuda,2026-01-15,Standard
C01386,Ricardo,Hardin,Saint Martin,2023-12-10,Standard
C01387,Jennifer,Mcguire,China,2025-09-09,Premium
C01388,Margaret,Norris,Morocco,2024-01-08,Standard
C01389,Caitlin,Evans,Saint Martin,2026-01-24,Business
C01390,Patrick,Deleon,Uruguay,2025-01-13,Standard
C01391,Michael,Montoya,Israel,2024-02-16,Standard
C01392,Molly,Perez,Palau,2026-03-05,Standard
C01393,Sarah,Walters,Norfolk Island,2025-03-29,Standard
C01394,Brian,Warren,Ghana,2025-11-28,Standard
C01395,Annette,Murphy,Qatar,2024-07-20,Standard
C01396,Eric,Nunez,India,2025-07-05,Premium
C01397,Karen,Johnston,Bermuda,2024-07-22,Standard
C01398,Ryan,Hartman,Cameroon,2024-03-05,Standard
C01399,Matthew,Alvarez,Samoa,2023-10-28,Standard
C01400,Amy,Baker,Iran,2025-09-30,Premium
C01401,Ryan,Wolfe,Serbia,2024-03-09,Standard
C01402,Timothy,Gonzalez,Indonesia,2026-05-22,Standard
C01403,Ashley,Hoffman,Saint Pierre and Miquelon,2025-11-04,Standard
C01404,John,Jones,Singapore,2025-06-11,Premium
C01405,Marcus,Glass,Benin,2024-02-03,Standard
C01406,Emily,Henderson,Guernsey,2024-06-03,Standard
C01407,Malik,Wheeler,Anguilla,2024-11-28,Premium
C01408,Gary,Bailey,Swaziland,2025-06-29,Premium
C01409,Cindy,Alexander,Uzbekistan,2024-08-09,Standard
C01410,James,Brooks,Saudi Arabia,2023-12-24,Premium
C01411,Daniel,Brown,Yemen,2026-04-03,Standard
C01412,Sara,Melton,Svalbard & Jan Mayen Islands,2024-11-01,Standard
C01413,Alexander,Benson,Bouvet Island (Bouvetoya),2024-11-28,Standard
C01414,Shannon,Johnson,Cote d'Ivoire,2025-11-25,Standard
C01415,Jason,Payne,Sao Tome and Principe,2024-09-17,Standard
C01416,Ana,Dean,Cambodia,2026-07-27,Premium
C01417,Holly,Smith,Myanmar,2026-06-08,Standard
C01418,Alison,Scott,Bahamas,2024-10-27,Standard
C01419,James,Horton,Faroe Islands,2023-11-03,Standard
C01420,Steven,Landry,Bangladesh,2025-04-07,Premium
C01421,Donna,Alvarado,United States Minor Outlying Islands,2026-06-03,Standard
C01422,Michael,Rodriguez,French Guiana,2026-05-17,Standard
C01423,Paul,Whitney,Malawi,2024-01-14,Standard
C01424,Rebecca,Washington,Nepal,2025-11-15,Standard
C01425,Christopher,Gonzalez,Kuwait,2025-12-30,Business
C01426,Sara,Smith,Egypt,2025-11-12,Business
C01427,Kevin,Burns,Samoa,2024-04-12,Standard
C01428,Andrew,Sutton,Guinea,2026-04-10,Business
C01429,Kevin,Ferrell,Macao,2024-10-14,Standard
C01430,Lisa,Garrett,Turkey,2025-04-05,Premium
C01431,Pamela,Briggs,Antarctica (the territory South of 60 deg S),2025-12-22,Standard
C01432,Stacy,Perez,Guam,2025-04-14,Standard
C01433,Diane,Miller,Hong Kong,2025-10-29,Standard
C01434,Susan,Salazar,Niue,2026-07-14,Standard
C01435,Jeremy,Allen,Cape Verde,2025-06-05,Standard
C01436,Tara,Browning,Greenland,2025-07-10,Standard
C01437,Amy,Clark,Burundi,2026-01-31,Standard
C01438,Amber,Mcbride,Tokelau,2024-03-14,Premium
C01439,Kyle,Thornton,Malta,2024-03-10,Standard
C01440,Russell,Stout,Sierra Leone,2024-03-25,Standard
C01441,Diana,Cunningham,Cayman Islands,2024-12-18,Business
C01442,Carlos,Patel,Saint Helena,2024-02-12,Standard
C01443,Jack,Franco,Cameroon,2023-09-27,Standard
C01444,Kathy,Beard,Isle of Man,2025-05-12,Standard
C01445,Kevin,Reese,Swaziland,2026-04-28,Premium
C01446,Sarah,Hill,Slovakia (Slovak Republic),2024-05-30,Standard
C01447,Daniel,Lopez,Serbia,2026-03-20,Standard
C01448,Christina,Obrien,New Zealand,2024-08-05,Premium
C01449,Caitlyn,Hall,Anguilla,2025-02-21,Premium
C01450,Christopher,Chan,Burkina Faso,2025-10-01,Standard
C01451,Meghan,Harrison,Pakistan,2025-03-15,Standard
C01452,Jack,Hughes,Lebanon,2024-03-13,Standard
C01453,Frank,Perez,Ireland,2023-09-05,Premium
C01454,Sara,Clements,Cyprus,2026-06-20,Standard
C01455,Vanessa,Todd,Bahrain,2024-05-14,Standard
C01456,Sara,Duke,Tonga,2026-03-28,Premium
C01457,Tracy,Nguyen,Kuwait,2024-08-30,Standard
C01458,Ronald,Parsons,New Caledonia,2025-03-25,Standard
C01459,Jennifer,Long,Wallis and Futuna,2026-01-17,Standard
C01460,Brittney,Fox,Turkey,2026-08-10,Standard
C01461,Kristin,Meyer,Korea,2025-07-22,Standard
C01462,Margaret,Williams,Ecuador,2025-10-26,Standard
C01463,Amanda,Terrell,Armenia,2025-12-26,Standard
C01464,Paul,Hubbard,Australia,2024-06-02,Standard
C01465,Kelly,Sanders,Gabon,2024-10-30,Business
C01466,Steven,Henderson,New Zealand,2023-11-05,Standard
C01467,Hannah,Mckee,Kyrgyz Republic,2026-05-12,Business
C01468,Shannon,Sharp,Bouvet Island (Bouvetoya),2024-05-18,Standard
C01469,Kimberly,Pace,Qatar,2025-12-08,Premium
C01470,Derek,Gutierrez,Korea,2023-09-20,Premium
C01471,Harold,Garza,Rwanda,2024-06-21,Standard
C01472,Nicole,Davis,Gibraltar,2026-07-22,Premium
C01473,Deborah,Dawson,Central African Republic,2024-02-20,Premium
C01474,Christopher,Mccarthy,North Macedonia,2025-02-26,Standard
C01475,Christopher,Zimmerman,Saint Lucia,2025-10-15,Standard
C01476,Cheryl,Moore,Mexico,2025-03-26,Standard
C01477,Bradley,Jackson,Grenada,2026-01-07,Premium
C01478,Monica,Huffman,Central African Republic,2024-03-24,Premium
C01479,Harold,Joseph,Italy,2024-12-03,Premium
C01480,Kyle,Mack,Kiribati,2024-11-03,Standard
C01481,Courtney,Wilson,Bulgaria,2024-06-23,Premium
C01482,Adam,Cannon,American Samoa,2025-07-25,Standard
C01483,Tyler,Jimenez,Sri Lanka,2023-08-21,Standard
C01484,Cathy,Snyder,Cuba,2026-02-12,Standard
C01485,Donna,Chavez,Kenya,2023-12-14,Standard
C01486,Carolyn,Smith,Turkmenistan,2025-12-10,Standard
C01487,Joshua,Fuller,Svalbard & Jan Mayen Islands,2024-06-30,Standard
C01488,Brandon,Hernandez,Palau,2025-02-05,Standard
C01489,Benjamin,Nash,Papua New Guinea,2026-01-27,Standard
C01490,Mary,Evans,Uruguay,2023-12-27,Standard
C01491,Brandon,Butler,Christmas Island,2024-04-19,Standard
C01492,Emily,Carr,Puerto Rico,2026-08-04,Standard
C01493,Brooke,Cobb,Christmas Island,2025-07-20,Standard
C01494,Kara,Ward,Argentina,2024-01-04,Standard
C01495,Kayla,Morris,Ukraine,2025-03-23,Standard
C01496,Lori,Chang,Tajikistan,2025-12-15,Standard
C01497,Calvin,Ruiz,British Virgin Islands,2026-07-27,Standard
C01498,Michele,Murphy,Isle of Man,2025-11-05,Standard
C01499,Jason,Clark,Azerbaijan,2024-01-29,Standard
C01500,Ashley,Krause,Marshall Islands,2023-12-27,Premium
C01501,Timothy,Barker,Vietnam,2024-11-01,Standard
C01502,Ronald,Abbott,Eritrea,2025-11-06,Standard
C01503,Barbara,Hanson,Vanuatu,2024-03-01,Standard
C01504,Christina,Crawford,Saint Lucia,2026-04-20,Standard
C01505,Tyler,Morton,Turks and Caicos Islands,2026-03-16,Standard
C01506,Jesse,Roberts,Congo,2023-08-15,Standard
C01507,David,Marshall,South Africa,2024-02-12,Standard
C01508,Joan,Clark,Nicaragua,2025-05-18,Standard
C01509,Robert,Cook,Monaco,2026-04-29,Standard
C01510,Jason,Davidson,Portugal,2024-10-23,Premium
C01511,Jonathan,Jones,French Southern Territories,2025-10-08,Premium
C01512,Andrea,Wang,Brazil,2026-07-13,Premium
C01513,Mathew,Foster,Montenegro,2026-03-26,Business
C01514,Susan,Collier,Congo,2025-01-07,Standard
C01515,Martha,Nielsen,Lesotho,2025-08-19,Standard
C01516,Laura,Brewer,Liberia,2024-04-10,Standard
C01517,Courtney,Mcclain,Mauritania,2025-01-14,Standard
C01518,Steven,Olsen,Vanuatu,2023-11-08,Premium
C01519,Mary,Evans,Saint Kitts and Nevis,2026-07-01,Standard
C01520,Leslie,Herrera,Cote d'Ivoire,2026-01-25,Premium
C01521,Gina,Marsh,Tuvalu,2025-02-12,Standard
C01522,Carl,Hernandez,Tajikistan,2023-09-30,Premium
C01523,Matthew,Brooks,Martinique,2024-04-26,Standard
C01524,Ashley,Price,Nepal,2024-02-10,Standard
C01525,Michelle,Walton,Romania,2024-12-13,Standard
C01526,Jennifer,Nelson,Benin,2025-09-23,Standard
C01527,Natalie,Watson,Switzerland,2024-11-25,Standard
C01528,Javier,Turner,Bouvet Island (Bouvetoya),2025-03-16,Standard
C01529,Kristen,Strickland,United States Minor Outlying Islands,2024-01-03,Premium
C01530,Scott,Johnson,Liberia,2025-09-27,Standard
C01531,Eric,Peterson,Liberia,2025-11-03,Standard
C01532,Lance,Murphy,Seychelles,2024-01-12,Standard
C01533,Lynn,Hurley,Philippines,2024-03-06,Premium
C01534,Jamie,Johnson,Iceland,2025-11-01,Standard
C01535,Darrell,Collins,Aruba,2026-07-15,Standard
C01536,Melanie,Wiggins,Grenada,2025-08-07,Standard
C01537,Pamela,Garcia,Seychelles,2026-06-01,Standard
C01538,Julie,Johnson,Senegal,2024-12-09,Standard
C01539,Danielle,Clark,Cook Islands,2024-06-07,Standard
C01540,Justin,Patel,Sierra Leone,2025-06-28,Standard
C01541,Emily,Nelson,Cayman Islands,2024-10-11,Premium
C01542,Danny,Mullen,Monaco,2025-10-19,Standard
C01543,Curtis,Daniels,Mexico,2024-12-19,Standard
C01544,Joseph,Harding,Spain,2024-10-26,Standard
C01545,Audrey,Jackson,Georgia,2026-03-22,Business
C01546,Patricia,Fernandez,Australia,2024-03-02,Standard
C01547,Anthony,Berger,Australia,2024-01-24,Premium
C01548,Patrick,Miller,India,2024-05-17,Standard
C01549,Janet,Vance,Norfolk Island,2026-07-20,Standard
C01550,Holly,Jensen,Georgia,2025-01-10,Standard
C01551,Lisa,Marquez,Paraguay,2025-11-18,Business
C01552,Christian,Livingston,Serbia,2025-08-05,Standard
C01553,Ashley,Davis,Spain,2026-08-02,Premium
C01554,Taylor,Bryant,Poland,2026-05-10,Premium
C01555,Jennifer,Marshall,Djibouti,2024-07-25,Standard
C01556,Douglas,Huang,Eritrea,2025-02-27,Standard
C01557,Philip,Lyons,Papua New Guinea,2025-01-07,Standard
C01558,Kristina,Khan,Korea,2025-09-08,Standard
C01559,Anthony,Alvarez,Guernsey,2025-08-25,Premium
C01560,Steven,Jackson,Seychelles,2025-02-04,Premium
C01561,Cassandra,Anderson,Bosnia and Herzegovina,2025-05-04,Standard
C01562,Lisa,Robles,Greece,2025-12-23,Standard
C01563,Debra,Sparks,Martinique,2025-07-29,Premium
C01564,Richard,Gutierrez,Niger,2024-08-25,Standard
C01565,Amy,Dickson,Hungary,2023-11-23,Premium
C01566,Matthew,Cervantes,Nauru,2025-06-12,Standard
C01567,Kristen,Graham,Solomon Islands,2025-01-25,Standard
C01568,Amy,Young,Panama,2026-06-18,Standard
C01569,Christian,Galvan,Montserrat,2025-09-06,Standard
C01570,Danny,Carlson,Greece,2025-12-22,Standard
C01571,Connor,Wallace,Gambia,2025-05-04,Standard
C01572,Chad,Rodriguez,Suriname,2026-02-24,Standard
C01573,Kelsey,Gray,Lithuania,2026-05-10,Premium
C01574,Donna,Davis,Svalbard & Jan Mayen Islands,2024-03-15,Premium
C01575,Paige,Berger,North Macedonia,2023-08-13,Standard
C01576,Katherine,Guerrero,Korea,2025-11-15,Standard
C01577,Kelly,Gilbert,Kiribati,2024-06-11,Standard
C01578,Jamie,Rich,French Southern Territories,2026-01-14,Standard
C01579,Laura,Frazier,Uruguay,2025-06-18,Standard
C01580,Jennifer,Herman,Benin,2026-02-03,Standard
C01581,Alan,Downs,Iraq,2024-02-27,Standard
C01582,Melissa,Brown,United Arab Emirates,2025-12-12,Standard
C01583,Tammy,Smith,Monaco,2025-02-21,Standard
C01584,Daniel,Campbell,Antarctica (the territory South of 60 deg S),2024-08-12,Standard
C01585,Ryan,Lawrence,Niue,2024-12-19,Business
C01586,Jennifer,Sullivan,Jordan,2025-12-06,Standard
C01587,Jason,Thompson,Burundi,2024-05-31,Standard
C01588,Angela,Bridges,Guyana,2025-05-22,Standard
C01589,Eric,Bright,Paraguay,2024-02-24,Standard
C01590,Dennis,Jones,Andorra,2024-03-23,Premium
C01591,Jennifer,Tucker,Jordan,2024-03-10,Standard
C01592,Christopher,May,Israel,2025-07-21,Business
C01593,Patricia,Dominguez,Venezuela,2025-06-04,Standard
C01594,Cindy,Gibson,Jamaica,2025-12-17,Standard
C01595,Lori,Cruz,Czech Republic,2024-05-27,Premium
C01596,Roger,Smith,Luxembourg,2024-08-14,Standard
C01597,Jennifer,Adams,Vanuatu,2025-12-08,Standard
C01598,Barbara,Johnson,Argentina,2026-01-11,Standard
C01599,Timothy,Richardson,Mozambique,2025-08-30,Standard
C01600,Suzanne,Miller,Saint Lucia,2025-11-07,Premium
C01601,Tonya,Terrell,Slovakia (Slovak Republic),2024-10-20,Standard
C01602,Steven,Miller,Tuvalu,2026-03-17,Standard
C01603,Christopher,Kennedy,Saint Vincent and the Grenadines,2026-06-09,Standard
C01604,Susan,Miller,North Macedonia,2025-11-27,Standard
C01605,Lauren,Edwards,Austria,2025-01-27,Standard
C01606,Amanda,Smith,Korea,2025-10-17,Standard
C01607,Rebecca,Berry,Greenland,2025-05-28,Standard
C01608,Michael,Levine,French Polynesia,2024-11-04,Premium
C01609,Gary,Neal,Nepal,2024-11-27,Standard
C01610,Jessica,Elliott,Bahamas,2026-04-16,Standard
C01611,Thomas,Jackson,Austria,2026-05-28,Premium
C01612,Veronica,Lamb,Nigeria,2023-09-24,Standard
C01613,Justin,Miller,Madagascar,2023-12-10,Standard
C01614,Melissa,Ramirez,Bulgaria,2026-03-26,Standard
C01615,Juan,Hodge,American Samoa,2024-02-02,Standard
C01616,Cassandra,Kent,Saint Vincent and the Grenadines,2024-04-03,Standard
C01617,Donna,Wood,China,2024-09-21,Business
C01618,Kimberly,Young,Cocos (Keeling) Islands,2025-11-09,Standard
C01619,Michelle,Cooper,Belize,2024-03-25,Standard
C01620,Caitlin,Underwood,Taiwan,2025-09-21,Premium
C01621,Karen,Gutierrez,Hungary,2024-08-16,Standard
C01622,Donna,Barber,Chad,2024-07-05,Standard
C01623,Becky,Wilkinson,Austria,2026-05-06,Standard
C01624,Joseph,Weiss,Austria,2024-04-29,Business
C01625,Steven,Alvarez,Lebanon,2025-11-17,Standard
C01626,Jesus,Vega,Iceland,2025-08-19,Standard
C01627,Jose,Moreno,Jordan,2023-08-31,Standard
C01628,Keith,Salinas,Hong Kong,2026-07-02,Standard
C01629,Leslie,Moreno,Zimbabwe,2023-10-15,Standard
C01630,Connor,Schmidt,Guinea,2025-06-13,Standard
C01631,Cheryl,Pearson,Faroe Islands,2025-01-14,Premium
C01632,Joseph,Lang,Equatorial Guinea,2026-05-25,Standard
C01633,Breanna,Murray,Peru,2024-08-22,Standard
C01634,Jessica,Chapman,Congo,2025-10-28,Premium
C01635,Matthew,Vaughn,Cocos (Keeling) Islands,2024-12-11,Premium
C01636,Amy,Chambers,Switzerland,2023-11-26,Standard
C01637,Alexander,Davis,Bosnia and Herzegovina,2026-07-12,Standard
C01638,Sean,Robinson,Finland,2024-09-07,Standard
C01639,James,Johnson,Bermuda,2023-11-09,Business
C01640,Sheena,Douglas,Syrian Arab Republic,2024-07-14,Premium
C01641,Stephanie,Little,Russian Federation,2024-02-15,Standard
C01642,Christopher,Jacobs,Honduras,2026-05-28,Premium
C01643,Kathryn,Wong,Spain,2024-05-26,Standard
C01644,Paula,Dominguez,El Salvador,2024-11-12,Standard
C01645,Steven,Mayer,Northern Mariana Islands,2025-07-17,Standard
C01646,Sandra,Hill,Japan,2026-07-23,Premium
C01647,Rebecca,Carrillo,Gibraltar,2024-09-15,Standard
C01648,Fernando,Jones,Singapore,2023-11-17,Premium
C01649,Patrick,Cook,Bahamas,2024-09-17,Premium
C01650,Stephanie,Baker,Kazakhstan,2023-11-28,Premium
C01651,Travis,Mcfarland,New Zealand,2025-04-13,Standard
C01652,Gregory,Vasquez,Cambodia,2025-11-29,Standard
C01653,Kayla,Robinson,Norway,2024-01-25,Standard
C01654,Rita,Baldwin,Bosnia and Herzegovina,2023-10-06,Standard
C01655,Charles,Duncan,El Salvador,2025-07-05,Standard
C01656,Andrew,Jimenez,Palau,2026-05-03,Premium
C01657,Aaron,Johnson,Iceland,2024-09-29,Standard
C01658,Edward,Rivera,India,2026-01-21,Standard
C01659,Adam,Zimmerman,Sierra Leone,2025-09-13,Standard
C01660,Timothy,Powell,Saint Lucia,2023-11-29,Standard
C01661,Amber,Smith,Zimbabwe,2026-07-18,Standard
C01662,Lisa,Olson,Montenegro,2025-11-21,Standard
C01663,Savannah,Howard,Pitcairn Islands,2024-11-25,Premium
C01664,Richard,Chen,Oman,2023-12-31,Standard
C01665,Michael,Castaneda,Guam,2023-12-15,Business
C01666,Maureen,Hodges,French Guiana,2026-05-15,Premium
C01667,James,Spencer,Hungary,2026-06-04,Standard
C01668,James,Dominguez,Ukraine,2024-01-25,Premium
C01669,Crystal,Howard,Belize,2026-04-22,Standard
C01670,Samuel,Lopez,Argentina,2024-06-07,Premium
C01671,Anthony,Davies,Dominican Republic,2025-09-10,Standard
C01672,Paul,Sparks,Norway,2024-12-03,Premium
C01673,Victor,Hanna,Sudan,2025-07-10,Premium
C01674,Tammy,Smith,Guadeloupe,2023-11-08,Premium
C01675,Matthew,Le,Iraq,2024-02-12,Premium
C01676,Jason,Valdez,Mali,2025-07-25,Standard
C01677,Shelby,Berg,Mauritania,2024-03-31,Standard
C01678,Joyce,Hall,Barbados,2023-10-09,Standard
C01679,Jill,Burns,Andorra,2025-08-14,Standard
C01680,Rebecca,Montgomery,Ecuador,2026-08-06,Standard
C01681,Deborah,Smith,Norfolk Island,2023-10-29,Standard
C01682,Rebecca,Hoover,Bhutan,2025-07-21,Business
C01683,Cheryl,Conley,Bahrain,2024-01-25,Standard
C01684,Danny,Larson,Nicaragua,2024-07-20,Premium
C01685,Bryan,Harris,Guadeloupe,2026-07-01,Standard
C01686,Richard,Martinez,Poland,2026-01-23,Premium
C01687,Amy,Morris,South Africa,2024-07-09,Premium
C01688,Kathryn,Watkins,Grenada,2023-11-19,Standard
C01689,David,Thomas,Israel,2024-04-30,Standard
C01690,Heather,Tran,Kazakhstan,2024-08-25,Premium
C01691,Sara,Williams,Bolivia,2026-04-21,Standard
C01692,Cheyenne,Strickland,Andorra,2025-09-07,Standard
C01693,Christopher,Smith,Vanuatu,2023-12-29,Standard
C01694,Jasmine,Wheeler,Finland,2025-05-20,Standard
C01695,Heather,Sparks,Lebanon,2026-07-23,Standard
C01696,David,Thomas,Faroe Islands,2025-11-02,Standard
C01697,Shannon,Allen,China,2026-03-18,Standard
C01698,Heather,Carlson,Saint Barthelemy,2025-09-27,Standard
C01699,Cheryl,Miller,Sweden,2024-11-22,Business
C01700,Michael,Smith,Dominica,2024-06-06,Standard
C01701,David,Moreno,Bhutan,2026-03-31,Business
C01702,Michael,Juarez,Mauritius,2025-10-09,Standard
C01703,Jeffrey,Townsend,Palestinian Territory,2024-07-01,Standard
C01704,Joshua,Lee,South Africa,2024-03-31,Standard
C01705,Gina,Schmitt,Lebanon,2025-09-23,Standard
C01706,Gregory,Santiago,Aruba,2023-11-04,Standard
C01707,Deanna,Mitchell,Jordan,2024-09-06,Standard
C01708,Matthew,Trujillo,Senegal,2025-07-16,Standard
C01709,Bradley,Yang,Uzbekistan,2025-11-24,Standard
C01710,Gregory,Floyd,Libyan Arab Jamahiriya,2025-10-20,Standard
C01711,Darren,Jacobson,Saint Helena,2025-07-04,Standard
C01712,Brittany,Nguyen,Congo,2026-06-29,Standard
C01713,Rachel,Hall,Bouvet Island (Bouvetoya),2024-12-31,Premium
C01714,Jeremy,Young,Isle of Man,2024-06-18,Standard
C01715,Nicholas,Walker,Latvia,2026-02-06,Standard
C01716,Todd,Zamora,Cameroon,2024-07-13,Business
C01717,Sarah,Gibson,Iceland,2025-03-15,Standard
C01718,Derek,Cortez,Norfolk Island,2025-02-20,Standard
C01719,Theresa,Harris,Brunei Darussalam,2023-10-01,Business
C01720,Heather,Brown,Burkina Faso,2024-02-01,Standard
C01721,Melissa,Ellis,Chile,2025-01-27,Standard
C01722,Jeffrey,Phillips,Cayman Islands,2026-04-30,Standard
C01723,Stephanie,Whitehead,Morocco,2025-12-18,Standard
C01724,Melissa,Miller,Togo,2025-10-31,Standard
C01725,Tracy,Forbes,Nauru,2025-08-17,Standard
C01726,Mary,Ramirez,Saint Lucia,2025-06-08,Standard
C01727,Jill,Wright,Greece,2025-06-17,Standard
C01728,Bethany,Snow,Nauru,2024-03-31,Business
C01729,Robin,Villanueva,Israel,2023-10-20,Premium
C01730,Billy,Ruiz,Seychelles,2025-10-04,Standard
C01731,Arthur,Schmidt,Lesotho,2026-07-30,Standard
C01732,Lori,Chavez,Dominican Republic,2023-12-20,Standard
C01733,Angela,Smith,Saint Martin,2025-05-05,Standard
C01734,Stephanie,Anderson,French Polynesia,2024-08-18,Standard
C01735,Deborah,Davis,Lesotho,2026-06-17,Standard
C01736,Kevin,Warner,Togo,2026-01-15,Premium
C01737,Julie,Johnson,Korea,2025-08-02,Standard
C01738,Kelsey,Sawyer,Iraq,2024-05-26,Standard
C01739,Kristy,Wood,Kyrgyz Republic,2026-08-10,Standard
C01740,Cynthia,Dalton,Barbados,2025-04-01,Standard
C01741,Patricia,Cook,Antigua and Barbuda,2024-11-15,Premium
C01742,Ronald,Nelson,Yemen,2026-03-21,Premium
C01743,Amy,Norton,Solomon Islands,2026-07-11,Premium
C01744,Christopher,Gilmore,Saint Pierre and Miquelon,2023-11-06,Standard
C01745,Zachary,Kent,Haiti,2023-11-01,Standard
C01746,Daniel,Diaz,Niger,2023-10-15,Standard
C01747,Michael,Thompson,Monaco,2026-08-11,Standard
C01748,Carl,Fletcher,Costa Rica,2024-03-15,Standard
C01749,Tina,Allen,Brazil,2026-05-17,Premium
C01750,Timothy,Crosby,Mozambique,2026-08-08,Standard
C01751,Jason,Mcgee,Czech Republic,2024-12-22,Standard
C01752,Michael,Adams,Pitcairn Islands,2025-05-30,Standard
C01753,Joshua,Brown,Guatemala,2025-07-15,Standard
C01754,Todd,Rose,British Virgin Islands,2025-08-12,Standard
C01755,Jennifer,Gregory,Martinique,2024-11-09,Business
C01756,Shannon,Richardson,Peru,2026-07-24,Premium
C01757,Lisa,Everett,Bahrain,2024-05-31,Business
C01758,Patricia,Ellis,Belgium,2025-04-10,Standard
C01759,Rachael,Roberts,Zimbabwe,2023-12-10,Standard
C01760,Daniel,Hill,Qatar,2024-03-29,Standard
C01761,Tyler,Golden,Mali,2026-04-13,Standard
C01762,Andrew,Butler,Pitcairn Islands,2025-12-01,Premium
C01763,Sarah,Wells,Italy,2025-07-02,Standard
C01764,Joan,Smith,Comoros,2023-11-18,Standard
C01765,Andrew,Pham,Syrian Arab Republic,2025-10-28,Standard
C01766,Deanna,Jenkins,Guam,2026-05-27,Standard
C01767,Debbie,Nguyen,Nauru,2026-06-12,Premium
C01768,Heidi,Wilkinson,Kenya,2025-07-24,Standard
C01769,Kevin,Anderson,Somalia,2024-12-01,Standard
C01770,George,Green,Liberia,2025-03-12,Standard
C01771,Tara,Carrillo,Australia,2024-03-30,Standard
C01772,Michael,Bryant,Chad,2026-03-31,Premium
C01773,Sandra,Joseph,France,2024-05-22,Premium
C01774,Teresa,Franco,Puerto Rico,2026-06-13,Business
C01775,Laura,Martin,Brazil,2023-10-15,Premium
C01776,Victoria,Andrews,Kazakhstan,2024-09-20,Standard
C01777,Mike,Harris,Russian Federation,2023-10-05,Standard
C01778,Elizabeth,Spence,Cameroon,2025-03-14,Standard
C01779,Shane,Cantrell,Martinique,2024-11-23,Standard
C01780,David,Johnson,Venezuela,2025-09-26,Premium
C01781,Kayla,Gould,Vanuatu,2024-12-22,Standard
C01782,Eric,Cordova,Mayotte,2025-10-09,Premium
C01783,Mark,Thornton,Lebanon,2024-11-05,Standard
C01784,Tara,Webster,Montserrat,2026-06-13,Standard
C01785,Dylan,Cunningham,United States of America,2025-06-29,Standard
C01786,Matthew,Rodriguez,Lesotho,2023-10-14,Premium
C01787,Donald,Pierce,Gambia,2023-09-20,Standard
C01788,Richard,Randall,Kiribati,2025-02-18,Standard
C01789,Christopher,Brown,Norway,2024-06-11,Standard
C01790,Brandy,Walker,Vietnam,2024-10-17,Standard
C01791,James,Miller,Thailand,2025-07-04,Standard
C01792,Erica,Rosario,Malaysia,2025-04-16,Premium
C01793,James,Stewart,Netherlands,2025-10-15,Standard
C01794,Sherry,Kerr,Guyana,2025-04-21,Standard
C01795,Earl,Nash,Heard Island and McDonald Islands,2025-04-03,Standard
C01796,Nathan,Mitchell,Guernsey,2024-12-03,Standard
C01797,Tiffany,Sawyer,Benin,2024-07-13,Premium
C01798,Jessica,Wallace,Israel,2025-06-30,Standard
C01799,Keith,Shaffer,Ukraine,2025-06-01,Standard
C01800,Jessica,Perry,Syrian Arab Republic,2026-02-10,Standard
C01801,Carla,Thomas,Gabon,2025-08-19,Business
C01802,Vanessa,Fox,Grenada,2023-11-23,Premium
C01803,Sarah,Garza,Honduras,2023-12-28,Standard
C01804,Adam,Fowler,Faroe Islands,2025-05-17,Standard
C01805,Gregory,Murray,Montenegro,2024-03-12,Standard
C01806,James,Collier,French Guiana,2025-12-20,Premium
C01807,Tracy,Carson,Gabon,2026-02-07,Standard
C01808,Kevin,Hansen,Kyrgyz Republic,2024-07-26,Standard
C01809,Anthony,Smith,Estonia,2024-11-21,Standard
C01810,Stephanie,Flowers,Latvia,2024-02-21,Standard
C01811,Desiree,Stafford,Israel,2024-05-17,Standard
C01812,Travis,Watts,Ecuador,2023-09-26,Premium
C01813,David,Ramirez,Bangladesh,2026-02-28,Standard
C01814,Julie,Perkins,Mongolia,2025-06-20,Standard
C01815,Miranda,Burton,Lebanon,2026-07-26,Standard
C01816,Loretta,Brooks,Saint Martin,2026-01-22,Business
C01817,Andres,Green,Mozambique,2023-11-11,Standard
C01818,Dustin,Murray,Puerto Rico,2024-03-10,Premium
C01819,Michael,Brown,Guyana,2025-05-25,Standard
C01820,Daisy,Friedman,Australia,2024-11-05,Standard
C01821,Kelly,Fowler,Belarus,2025-10-19,Standard
C01822,James,Burton,Serbia,2024-01-06,Standard
C01823,Carol,Jackson,Gibraltar,2024-12-16,Standard
C01824,Margaret,Cohen,Gabon,2024-10-07,Premium
C01825,Gina,Barker,Bhutan,2025-11-20,Standard
C01826,Betty,Morrow,American Samoa,2024-03-12,Standard
C01827,April,Watson,Libyan Arab Jamahiriya,2025-05-14,Standard
C01828,Matthew,Bartlett,Bosnia and Herzegovina,2024-07-16,Business
C01829,Eric,Walker,Comoros,2025-12-27,Premium
C01830,Christina,Guerra,Malta,2025-11-16,Standard
C01831,Jennifer,Park,Spain,2024-02-06,Business
C01832,Robert,Moon,Brazil,2024-03-03,Standard
C01833,Sandra,Mendoza,Georgia,2026-07-21,Standard
C01834,Michael,Montoya,Tuvalu,2026-02-26,Premium
C01835,Alexandra,Cordova,China,2024-11-28,Premium
C01836,Anthony,Olsen,Cyprus,2024-02-28,Standard
C01837,Melissa,Thomas,Denmark,2024-12-02,Standard
C01838,David,Anderson,Belgium,2025-06-02,Standard
C01839,Hannah,Bowers,Belarus,2023-09-11,Premium
C01840,Kim,Todd,Armenia,2024-06-13,Standard
C01841,Daniel,Mcguire,Malaysia,2026-02-19,Standard
C01842,Brian,Wilson,El Salvador,2023-10-19,Standard
C01843,Carl,Contreras,Saudi Arabia,2024-01-09,Standard
C01844,Kimberly,Mora,Costa Rica,2026-02-10,Standard
C01845,Rachel,Lopez,Guernsey,2023-09-27,Premium
C01846,Christopher,Singleton,Western Sahara,2024-10-16,Standard
C01847,Stacy,Bailey,Central African Republic,2025-09-28,Standard
C01848,Kimberly,Austin,Madagascar,2026-01-14,Standard
C01849,Carlos,Weiss,Serbia,2023-09-03,Premium
C01850,Allison,Baldwin,Finland,2024-05-05,Standard
C01851,Rachel,Medina,Saint Kitts and Nevis,2024-01-13,Standard
C01852,Sandra,Knapp,Thailand,2025-08-19,Premium
C01853,Michael,Lawrence,Kazakhstan,2026-06-24,Premium
C01854,Susan,White,Guinea,2025-03-24,Premium
C01855,Roger,Palmer,Ireland,2024-02-04,Premium
C01856,Kathleen,Edwards,Lao People's Democratic Republic,2024-01-31,Standard
C01857,April,Simpson,Guyana,2026-08-11,Premium
C01858,Keith,Bowen,Belize,2025-01-03,Standard
C01859,Tristan,Cruz,Korea,2026-03-02,Premium
C01860,Jill,Mcdaniel,Tajikistan,2025-07-02,Premium
C01861,Jeremiah,Russell,Timor-Leste,2025-06-07,Premium
C01862,Jacob,Jones,Tajikistan,2025-08-20,Standard
C01863,Sheila,Richardson,American Samoa,2026-06-25,Standard
C01864,Travis,Garcia,Kazakhstan,2025-11-01,Standard
C01865,Donna,Miller,Cambodia,2025-04-17,Business
C01866,Richard,Garza,Bosnia and Herzegovina,2024-05-01,Premium
C01867,Calvin,Hester,Guadeloupe,2024-06-19,Standard
C01868,Brooke,Ewing,British Virgin Islands,2024-08-08,Standard
C01869,Mary,Hardy,Fiji,2026-02-01,Standard
C01870,Brittney,Avila,Spain,2026-05-09,Premium
C01871,Sherry,Kelly,Papua New Guinea,2026-03-06,Premium
C01872,Stephanie,Archer,Malawi,2024-10-19,Standard
C01873,Dylan,Gibson,British Virgin Islands,2024-09-05,Standard
C01874,Tracy,Hall,Western Sahara,2024-03-09,Premium
C01875,Anthony,Rojas,Switzerland,2023-11-26,Premium
C01876,Tyrone,Johnson,Christmas Island,2025-03-29,Standard
C01877,Cassandra,Murphy,Gabon,2026-04-05,Standard
C01878,Cindy,Wolf,Panama,2025-10-28,Standard
C01879,Katrina,Sparks,Cook Islands,2024-11-11,Standard
C01880,Ebony,Henry,Eritrea,2025-12-02,Standard
C01881,Matthew,Heath,Mayotte,2023-09-09,Standard
C01882,Stephanie,Johnson,Jersey,2024-02-14,Premium
C01883,Patrick,Edwards,Honduras,2025-06-30,Standard
C01884,Steve,Johnson,Moldova,2026-06-02,Premium
C01885,Michelle,Turner,Romania,2024-04-23,Standard
C01886,Travis,Taylor,Saint Barthelemy,2025-04-08,Standard
C01887,Tony,Rodriguez,Peru,2025-09-13,Standard
C01888,Donna,Jennings,Montserrat,2025-08-11,Standard
C01889,Thomas,Dickerson,Madagascar,2023-11-07,Premium
C01890,Peter,Simpson,Honduras,2026-03-28,Business
C01891,Erica,Miranda,Finland,2024-12-22,Standard
C01892,Bryan,Garza,Brunei Darussalam,2025-03-04,Standard
C01893,Michael,Harmon,Anguilla,2026-04-10,Premium
C01894,Matthew,Davis,Guatemala,2025-02-18,Standard
C01895,Robert,Brown,Ecuador,2024-08-31,Standard
C01896,Jimmy,Collins,Belize,2026-07-16,Premium
C01897,Cameron,Torres,Guadeloupe,2024-05-02,Standard
C01898,Andrew,Nguyen,Kuwait,2026-05-30,Standard
C01899,Michelle,Bradley,United Arab Emirates,2025-05-28,Standard
C01900,Joseph,Dominguez,Namibia,2023-09-16,Premium
C01901,Valerie,Gray,Iceland,2024-12-25,Standard
C01902,Ashley,Stokes,Bolivia,2026-07-21,Standard
C01903,Emily,Rogers,Macao,2026-06-14,Premium
C01904,Matthew,Mendez,Haiti,2025-06-20,Standard
C01905,James,Reid,Solomon Islands,2023-12-08,Premium
C01906,Mary,Herrera,France,2024-09-27,Standard
C01907,Brandon,Davies,Iran,2024-07-28,Business
C01908,Claudia,Rubio,Saint Barthelemy,2026-01-27,Standard
C01909,Cody,Rogers,Bangladesh,2026-01-08,Standard
C01910,Laurie,Alvarez,Cote d'Ivoire,2025-02-02,Standard
C01911,Laura,Pearson,Gabon,2025-10-04,Standard
C01912,Linda,Reynolds,Mauritius,2024-12-11,Premium
C01913,James,Morales,Nigeria,2025-10-21,Business
C01914,Shawn,Hines,Cocos (Keeling) Islands,2023-09-10,Standard
C01915,Courtney,Black,Colombia,2026-01-25,Standard
C01916,Victor,Guerrero,Swaziland,2025-08-07,Premium
C01917,Joseph,Little,Sudan,2026-03-24,Premium
C01918,Melissa,Meadows,Vietnam,2026-01-08,Standard
C01919,Jessica,Brown,Cook Islands,2025-02-28,Standard
C01920,Steven,Allen,San Marino,2026-07-12,Standard
C01921,Kathy,Richard,Isle of Man,2024-12-20,Standard
C01922,Michelle,Pruitt,North Macedonia,2024-06-24,Standard
C01923,Meghan,Adams,France,2026-05-12,Standard
C01924,Ethan,Mcdaniel,Dominica,2025-05-04,Standard
C01925,John,Hernandez,Antarctica (the territory South of 60 deg S),2024-08-28,Premium
C01926,Laura,Collins,Libyan Arab Jamahiriya,2025-12-29,Standard
C01927,Vickie,Henderson,United Kingdom,2023-10-09,Standard
C01928,James,Nelson,Antarctica (the territory South of 60 deg S),2024-09-17,Standard
C01929,Kristine,Ramirez,Mexico,2024-05-12,Standard
C01930,Dawn,Williams,Saint Helena,2025-09-05,Standard
C01931,Kimberly,Brown,Ukraine,2023-12-21,Standard
C01932,Lee,Evans,Bahrain,2025-05-06,Standard
C01933,Penny,Powers,Turks and Caicos Islands,2023-12-31,Standard
C01934,Randy,Larsen,Tajikistan,2024-03-18,Standard
C01935,Joel,Duncan,Macao,2024-02-16,Standard
C01936,Alejandra,Calderon,Zambia,2025-11-05,Premium
C01937,Johnathan,Wilkerson,Dominica,2026-03-01,Standard
C01938,David,Roman,Greenland,2026-02-05,Premium
C01939,Jo,Shaffer,Samoa,2024-08-13,Standard
C01940,Selena,Robinson,Botswana,2024-05-11,Standard
C01941,Jason,Hill,Ireland,2024-09-11,Standard
C01942,Michelle,Brown,Martinique,2025-03-17,Standard
C01943,Holly,Rodriguez,Mayotte,2025-06-01,Premium
C01944,Thomas,Sanchez,Fiji,2024-03-25,Premium
C01945,Michael,Baldwin,Swaziland,2024-12-03,Premium
C01946,Andrew,Rasmussen,New Caledonia,2023-10-06,Standard
C01947,Mckenzie,Bates,Wallis and Futuna,2023-11-05,Standard
C01948,Hannah,Mccormick,Dominican Republic,2024-09-08,Standard
C01949,Angela,Parker,Reunion,2025-02-26,Standard
C01950,Rebecca,Jennings,Martinique,2024-08-14,Standard
C01951,Mia,Price,United States of America,2025-04-14,Standard
C01952,Sara,Hardin,Gabon,2023-12-31,Standard
C01953,Sharon,Sherman,French Southern Territories,2024-07-04,Standard
C01954,Michele,Martin,Kazakhstan,2026-04-19,Premium
C01955,Logan,Burnett,Norway,2025-05-05,Business
C01956,Kristina,Hill,Belgium,2025-09-14,Premium
C01957,Thomas,Gutierrez,Tajikistan,2025-01-10,Standard
C01958,Jennifer,Mcdowell,Svalbard & Jan Mayen Islands,2024-01-15,Standard
C01959,Madison,Hale,Madagascar,2023-11-24,Standard
C01960,Michael,Guzman,Suriname,2025-12-10,Premium
C01961,Joan,Chavez,Antarctica (the territory South of 60 deg S),2023-11-01,Standard
C01962,Danielle,White,Kenya,2026-05-04,Standard
C01963,Derek,Morales,Niue,2024-11-29,Premium
C01964,Lee,Miller,Cayman Islands,2024-09-03,Standard
C01965,Zachary,Booker,Switzerland,2026-05-17,Standard
C01966,Kathryn,Bradford,Poland,2025-05-11,Standard
C01967,Laura,Flores,Lesotho,2024-03-07,Standard
C01968,Jorge,Mcdaniel,Sweden,2025-01-02,Standard
C01969,Lauren,Gonzalez,Israel,2025-03-06,Standard
C01970,Hunter,Walter,Western Sahara,2026-01-15,Standard
C01971,Jeffrey,Vaughan,Uzbekistan,2025-12-27,Standard
C01972,Deborah,Sims,United States of America,2023-12-29,Premium
C01973,Terri,Gonzalez,Reunion,2024-05-01,Standard
C01974,Brandon,Williamson,Netherlands Antilles,2024-09-20,Standard
C01975,Edward,Rubio,Chile,2026-01-10,Standard
C01976,David,Higgins,Jordan,2025-07-17,Premium
C01977,Margaret,Snyder,Czech Republic,2024-06-23,Standard
C01978,James,Atkins,Slovenia,2024-09-29,Standard
C01979,Keith,Snyder,Bulgaria,2025-06-13,Premium
C01980,Melissa,Greene,Swaziland,2024-10-25,Premium
C01981,Jessica,Lopez,Cocos (Keeling) Islands,2025-05-08,Standard
C01982,Laura,Johnson,Estonia,2024-08-12,Premium
C01983,Christine,Solomon,Heard Island and McDonald Islands,2026-02-03,Standard
C01984,Gabrielle,Ellis,Algeria,2025-08-10,Standard
C01985,Dean,Morris,Puerto Rico,2025-04-21,Standard
C01986,Gloria,Reeves,Russian Federation,2025-05-31,Standard
C01987,Jill,Scott,Bhutan,2025-12-25,Premium
C01988,Brian,Cook,Dominica,2025-08-13,Standard
C01989,Rebekah,Barajas,Wallis and Futuna,2026-06-20,Standard
C01990,Tammy,George,San Marino,2023-10-22,Premium
C01991,Adam,Wagner,Hong Kong,2024-11-24,Premium
C01992,Tiffany,Lambert,Bulgaria,2025-12-29,Standard
C01993,Blake,White,Chile,2025-10-03,Standard
C01994,Trevor,Morgan,Lao People's Democratic Republic,2024-03-04,Standard
C01995,Christopher,Page,Jersey,2024-03-20,Premium
C01996,Jorge,Edwards,Brunei Darussalam,2025-09-26,Standard
C01997,Monica,Davenport,San Marino,2025-02-23,Business
C01998,Sara,Campbell,Turkey,2024-09-24,Standard
C01999,Chloe,Juarez,Estonia,2025-10-24,Standard
C02000,Lawrence,Stafford,Germany,2025-09-14,Standard
C02001,Kathryn,Hernandez,Timor-Leste,2026-05-30,Standard
C02002,Dana,Gonzales,Comoros,2024-03-30,Standard
C02003,Brian,White,Latvia,2024-09-20,Premium
C02004,Frank,Mcdonald,Brazil,2025-09-19,Standard
C02005,Billy,Kelly,Russian Federation,2025-12-31,Standard
C02006,Todd,Vasquez,Tanzania,2024-03-29,Premium
C02007,David,Davis,Trinidad and Tobago,2024-10-27,Standard
C02008,Henry,Jackson,Malawi,2024-10-09,Premium
C02009,Anna,Alvarado,Croatia,2026-02-04,Standard
C02010,Whitney,Smith,Seychelles,2026-01-15,Standard
C02011,Henry,Knapp,Egypt,2025-09-24,Standard
C02012,Erica,Clay,Anguilla,2024-10-27,Standard
C02013,Erin,Becker,India,2025-03-15,Premium
C02014,Brittany,Bean,Taiwan,2024-12-27,Standard
C02015,Eric,Miller,Switzerland,2026-06-02,Standard
C02016,Timothy,Fuller,Ethiopia,2026-02-21,Standard
C02017,Diane,Rivera,Aruba,2026-05-28,Standard
C02018,Cindy,Chavez,Yemen,2026-01-13,Premium
C02019,David,Boyer,Spain,2026-05-08,Standard
C02020,Justin,Yates,Samoa,2023-11-30,Standard
C02021,Amy,Guzman,Bermuda,2025-04-23,Business
C02022,Jonathan,Allen,Sierra Leone,2025-04-23,Standard
C02023,Christopher,Phelps,Central African Republic,2025-04-07,Premium
C02024,Kimberly,Mitchell,Sao Tome and Principe,2026-05-25,Standard
C02025,Eric,Evans,Spain,2025-06-14,Standard
C02026,Jill,Dorsey,United Kingdom,2026-07-12,Standard
C02027,Carrie,Howard,Bhutan,2025-03-05,Premium
C02028,William,Burns,Turks and Caicos Islands,2025-04-06,Business
C02029,Thomas,Hart,Jamaica,2023-12-31,Standard
C02030,Katherine,Shepherd,Nicaragua,2024-05-28,Standard
C02031,Ryan,Simmons,Armenia,2025-10-18,Standard
C02032,Matthew,Ford,Czech Republic,2026-05-15,Standard
C02033,Gina,Moore,Lithuania,2025-11-09,Standard
C02034,Crystal,Warren,French Guiana,2025-08-09,Business
C02035,Samuel,Solomon,Lesotho,2024-11-21,Standard
C02036,Edgar,Anderson,United Kingdom,2024-11-21,Standard
C02037,Mckenzie,Mills,French Polynesia,2026-01-12,Standard
C02038,Brandon,Jones,Aruba,2025-10-18,Standard
C02039,Daniel,Coleman,Bhutan,2025-08-03,Standard
C02040,Donna,Carroll,El Salvador,2025-02-15,Standard
C02041,Jonathan,Miller,Macao,2023-09-07,Premium
C02042,Daniel,Stanley,Christmas Island,2024-05-22,Standard
C02043,Megan,Williams,Israel,2026-08-11,Standard
C02044,Kenneth,Matthews,Korea,2026-06-19,Standard
C02045,Shannon,Morton,Guam,2024-05-29,Premium
C02046,Jason,Miller,Netherlands,2024-09-18,Premium
C02047,Monica,Rodriguez,Martinique,2023-09-09,Standard
C02048,Adam,Wilson,Chile,2026-05-27,Premium
C02049,Thomas,Holt,Trinidad and Tobago,2026-05-30,Standard
C02050,Tammy,Guzman,Libyan Arab Jamahiriya,2024-11-25,Standard
C02051,Christine,Dickson,Guyana,2026-07-20,Standard
C02052,Emily,Vaughn,Indonesia,2024-11-25,Standard
C02053,Christopher,Taylor,Comoros,2024-02-02,Standard
C02054,Lisa,Horton,Comoros,2023-09-23,Premium
C02055,Jason,Wong,Pakistan,2024-08-22,Premium
C02056,Ryan,Garrett,Somalia,2025-11-26,Standard
C02057,James,Turner,Kyrgyz Republic,2024-03-30,Standard
C02058,Thomas,Johnson,Chad,2024-04-05,Standard
C02059,Joanne,Wallace,Libyan Arab Jamahiriya,2025-08-14,Standard
C02060,Andrew,Cole,Ecuador,2024-06-20,Standard
C02061,Kenneth,Gallegos,India,2023-10-31,Standard
C02062,Matthew,Garcia,Tanzania,2025-06-13,Standard
C02063,Tiffany,Allison,Saint Pierre and Miquelon,2026-01-27,Premium
C02064,Caitlin,Spencer,French Guiana,2023-10-09,Standard
C02065,Tony,Tucker,Nauru,2026-03-19,Standard
C02066,Savannah,Stein,Trinidad and Tobago,2025-09-08,Premium
C02067,Jesse,Brown,Andorra,2025-05-29,Standard
C02068,Barbara,Tran,Ethiopia,2026-05-16,Standard
C02069,Robert,Kennedy,Lithuania,2026-04-06,Standard
C02070,Sheila,Reed,Qatar,2025-06-20,Standard
C02071,Andrew,Roberts,Congo,2025-08-10,Premium
C02072,Maurice,Hall,Cyprus,2026-02-10,Standard
C02073,Regina,Morgan,Netherlands,2026-05-29,Standard
C02074,Taylor,Ware,Saint Kitts and Nevis,2025-04-10,Premium
C02075,Susan,Whitaker,Peru,2026-05-22,Premium
C02076,Jessica,Flynn,South Georgia and the South Sandwich Islands,2024-04-20,Premium
C02077,Christy,Campbell,San Marino,2023-12-24,Standard
C02078,Elizabeth,Anderson,Cook Islands,2024-04-11,Standard
C02079,Catherine,Garcia,Israel,2025-09-17,Business
C02080,Kevin,Clark,Australia,2023-09-10,Premium
C02081,Michael,Green,Philippines,2024-04-15,Standard
C02082,Gregg,Villarreal,Macao,2023-10-01,Standard
C02083,Lindsay,Morgan,Brazil,2026-03-29,Standard
C02084,Jeremy,Hoffman,Libyan Arab Jamahiriya,2024-09-16,Premium
C02085,Victoria,Glover,Seychelles,2023-10-24,Standard
C02086,Kayla,Hawkins,Ukraine,2024-04-03,Standard
C02087,Melissa,Russo,Netherlands,2026-06-18,Standard
C02088,Dalton,Williams,Yemen,2025-06-23,Standard
C02089,Lauren,Estes,Saudi Arabia,2024-02-01,Premium
C02090,Theresa,Harrington,New Zealand,2024-01-18,Standard
C02091,Madison,Williams,Bosnia and Herzegovina,2024-04-28,Premium
C02092,Crystal,Pitts,United States Minor Outlying Islands,2025-02-24,Business
C02093,Eric,Carter,Kenya,2025-10-06,Standard
C02094,Tyrone,Harrell,Cape Verde,2026-05-14,Standard
C02095,Michael,Fuentes,British Virgin Islands,2024-06-21,Standard
C02096,Scott,Perry,Seychelles,2023-08-23,Premium
C02097,John,Lamb,Guam,2024-10-31,Standard
C02098,William,Miller,Holy See (Vatican City State),2025-05-18,Standard
C02099,Michael,Ortega,Canada,2025-11-12,Premium
C02100,Robert,Perez,Spain,2025-06-09,Standard
C02101,Robert,Ortiz,Kuwait,2025-10-22,Premium
C02102,Laura,Cox,Antarctica (the territory South of 60 deg S),2025-06-30,Standard
C02103,Dustin,Smith,Sri Lanka,2025-10-24,Standard
C02104,Sherry,Miller,Germany,2025-04-27,Standard
C02105,Tina,Martin,Bahamas,2025-04-14,Premium
C02106,Katherine,Keller,Norway,2024-04-03,Standard
C02107,Rachel,Brown,Norfolk Island,2026-06-03,Premium
C02108,Nancy,Kaufman,Italy,2025-04-28,Premium
C02109,Nina,Haynes,Tunisia,2024-11-27,Standard
C02110,Jennifer,Edwards,Guatemala,2023-08-25,Business
C02111,Margaret,Mccullough,New Zealand,2024-03-28,Standard
C02112,Isabella,Griffin,Costa Rica,2025-12-05,Standard
C02113,Claudia,Montgomery,Kenya,2026-07-31,Standard
C02114,Michael,Cain,Pakistan,2025-05-02,Premium
C02115,Kimberly,Ibarra,Belize,2023-10-09,Standard
C02116,Amanda,Price,Saint Helena,2024-02-24,Standard
C02117,Abigail,Fernandez,Croatia,2024-01-04,Standard
C02118,William,Collins,Guam,2026-04-26,Standard
C02119,Ernest,Johnson,South Africa,2025-11-28,Standard
C02120,Brittany,Allen,Singapore,2024-11-27,Premium
C02121,Jessica,Benitez,Bouvet Island (Bouvetoya),2023-11-14,Premium
C02122,Mckenzie,Green,Madagascar,2025-02-13,Standard
C02123,David,Sherman,Wallis and Futuna,2024-02-22,Business
C02124,Shane,Armstrong,Albania,2025-07-16,Standard
C02125,Matthew,Young,Samoa,2026-02-01,Business
C02126,Ariana,Kline,Niue,2026-06-11,Standard
C02127,Amanda,Larson,Guernsey,2024-11-19,Standard
C02128,Justin,Glover,Saint Barthelemy,2026-01-18,Standard
C02129,Emily,Klein,Mali,2024-08-31,Premium
C02130,Daniel,Black,Congo,2025-02-24,Standard
C02131,Shawn,Thomas,Jamaica,2025-05-14,Standard
C02132,Christopher,Brown,Tuvalu,2024-03-02,Standard
C02133,Thomas,Griffin,Heard Island and McDonald Islands,2026-06-29,Standard
C02134,Alicia,Chapman,Maldives,2025-04-17,Standard
C02135,Monica,Silva,North Macedonia,2025-05-31,Premium
C02136,Wendy,Barker,Yemen,2025-09-11,Premium
C02137,Jessica,Butler,Central African Republic,2024-03-24,Standard
C02138,William,Washington,Kuwait,2024-02-29,Premium
C02139,Tammy,Palmer,Marshall Islands,2024-02-12,Standard
C02140,Heather,Gibson,Antigua and Barbuda,2024-04-12,Premium
C02141,Sherry,Wood,Zambia,2024-02-13,Premium
C02142,Carolyn,Ortiz,British Indian Ocean Territory (Chagos Archipelago),2025-03-09,Standard
C02143,Ashley,Williams,Cape Verde,2024-02-11,Premium
C02144,Nathan,Ritter,Gabon,2024-11-11,Standard
C02145,Todd,Moody,Cambodia,2026-02-13,Standard
C02146,Robert,Zuniga,Gambia,2024-10-26,Premium
C02147,Jason,Fuentes,Liechtenstein,2023-08-16,Standard
C02148,David,Bailey,Trinidad and Tobago,2023-10-21,Standard
C02149,Robert,Berry,Mongolia,2025-07-15,Standard
C02150,Rachel,Harrington,Lebanon,2026-03-10,Premium
C02151,Dean,Taylor,North Macedonia,2025-07-29,Standard
C02152,Kathleen,Contreras,Canada,2024-12-30,Standard
C02153,Christopher,Weber,Nigeria,2025-05-10,Premium
C02154,Paul,Mccullough,Guadeloupe,2025-11-30,Premium
C02155,Brandon,Santiago,Kenya,2024-10-16,Standard
C02156,Debbie,Cline,Russian Federation,2023-09-20,Standard
C02157,Ashley,Hogan,Russian Federation,2024-12-04,Standard
C02158,Ann,Martinez,Monaco,2023-12-23,Standard
C02159,James,Montgomery,Morocco,2023-11-03,Standard
C02160,Susan,Boyd,Sao Tome and Principe,2025-08-21,Premium
C02161,Wayne,Smith,Palestinian Territory,2025-11-16,Standard
C02162,Hector,Smith,Solomon Islands,2024-06-27,Standard
C02163,John,Thornton,Tuvalu,2026-01-29,Standard
C02164,Sean,Roman,New Caledonia,2024-12-22,Premium
C02165,Richard,Williams,Tokelau,2023-09-18,Standard
C02166,Matthew,White,Anguilla,2025-11-10,Business
C02167,Logan,Scott,Brazil,2024-01-14,Standard
C02168,Amber,Mitchell,Cocos (Keeling) Islands,2024-09-12,Standard
C02169,Kayla,Moore,Zambia,2025-05-06,Standard
C02170,Erika,Brown,Greece,2024-05-20,Standard
C02171,Anthony,Brown,Iceland,2024-01-13,Standard
C02172,Luke,Gutierrez,Gibraltar,2024-09-16,Standard
C02173,Nicholas,Carey,British Indian Ocean Territory (Chagos Archipelago),2023-11-01,Standard
C02174,James,Goodwin,Namibia,2024-08-14,Premium
C02175,Trevor,Goodwin,Hungary,2024-02-07,Standard
C02176,Joseph,Flores,Micronesia,2025-05-06,Premium
C02177,Cameron,Johnson,North Macedonia,2024-08-10,Standard
C02178,Robin,Smith,Micronesia,2026-02-08,Standard
C02179,Emily,Sanchez,Moldova,2026-05-21,Standard
C02180,Kristen,Torres,Ireland,2025-07-05,Standard
C02181,Christopher,Fields,Costa Rica,2024-03-21,Standard
C02182,Nathaniel,Galloway,Slovenia,2024-08-27,Standard
C02183,Amanda,Henderson,United States Minor Outlying Islands,2025-12-22,Standard
C02184,Shannon,Smith,Kyrgyz Republic,2026-04-03,Standard
C02185,Keith,Stanton,Afghanistan,2023-11-14,Standard
C02186,Sarah,Olson,Netherlands Antilles,2024-09-05,Premium
C02187,Mary,James,Guernsey,2026-04-21,Premium
C02188,Jason,Pittman,Finland,2023-10-22,Premium
C02189,Evan,Ferguson,Bangladesh,2024-11-22,Premium
C02190,Christopher,Hale,Switzerland,2024-03-16,Standard
C02191,Jessica,Lutz,Turkey,2025-06-14,Standard
C02192,Jason,Wagner,Spain,2024-12-19,Premium
C02193,Nicole,Dougherty,North Macedonia,2024-09-22,Standard
C02194,Tiffany,Zimmerman,Faroe Islands,2024-08-29,Standard
C02195,Eileen,Morris,Cote d'Ivoire,2025-07-27,Standard
C02196,Susan,Murphy,United States Minor Outlying Islands,2026-07-22,Standard
C02197,Dennis,Nielsen,New Caledonia,2025-08-22,Standard
C02198,Adam,Smith,China,2025-05-15,Premium
C02199,Angela,Horton,Liechtenstein,2025-04-14,Standard
C02200,Amanda,Cobb,Pakistan,2026-05-20,Standard
C02201,Chris,Johnson,Syrian Arab Republic,2026-06-21,Business
C02202,Sean,Martinez,Suriname,2025-03-19,Standard
C02203,Maria,Howard,Christmas Island,2026-07-30,Standard
C02204,Tonya,Martinez,Heard Island and McDonald Islands,2024-06-07,Standard
C02205,Sean,Walker,Angola,2024-10-22,Premium
C02206,Erin,Fletcher,Congo,2023-12-30,Premium
C02207,Lisa,Garrett,Sri Lanka,2024-07-21,Standard
C02208,Jim,Snyder,Guyana,2023-10-09,Premium
C02209,Juan,Conway,Romania,2026-03-11,Standard
C02210,Jason,Gonzalez,Swaziland,2026-04-30,Premium
C02211,Randy,Kane,Montenegro,2025-09-28,Premium
C02212,Troy,Arnold,Palestinian Territory,2026-01-07,Premium
C02213,Emily,Morrison,China,2023-11-22,Standard
C02214,Brianna,Reese,Brunei Darussalam,2024-09-19,Business
C02215,Sarah,Foley,Turkmenistan,2025-11-02,Premium
C02216,Jessica,Hill,Thailand,2026-07-01,Standard
C02217,Andrew,Booker,Philippines,2025-11-17,Premium
C02218,Christina,Becker,Turks and Caicos Islands,2025-07-18,Standard
C02219,Aaron,Simmons,Peru,2026-05-18,Premium
C02220,Brett,Mcmillan,Jersey,2025-05-06,Standard
C02221,Joshua,Frazier,Lao People's Democratic Republic,2025-09-20,Premium
C02222,Michael,Blake,Turks and Caicos Islands,2024-07-26,Standard
C02223,Brandon,Hull,Martinique,2025-07-10,Standard
C02224,Leslie,Myers,Grenada,2023-12-18,Standard
C02225,Nicole,Aguirre,Saint Pierre and Miquelon,2024-07-28,Standard
C02226,Tiffany,Coleman,Belarus,2024-09-04,Standard
C02227,James,Murphy,Bahrain,2026-04-11,Standard
C02228,Colleen,Johnson,Jersey,2023-09-19,Standard
C02229,Brittany,Sims,Grenada,2024-09-04,Standard
C02230,John,Wells,Guam,2023-11-05,Standard
C02231,Lorraine,Stone,Dominica,2023-12-04,Premium
C02232,Kimberly,Harvey,Serbia,2024-01-08,Standard
C02233,Colleen,Riley,Belize,2023-11-15,Premium
C02234,Sabrina,Bennett,Tuvalu,2026-07-25,Premium
C02235,Calvin,Anderson,Uruguay,2025-06-29,Standard
C02236,Brian,Bishop,Jersey,2023-11-23,Standard
C02237,Curtis,Brown,Austria,2024-11-13,Premium
C02238,Melissa,Morales,Niger,2025-05-12,Standard
C02239,Jesse,Greene,Palestinian Territory,2026-04-08,Standard
C02240,Alex,Reyes,South Africa,2025-06-08,Standard
C02241,Nichole,Harvey,Guadeloupe,2026-05-20,Premium
C02242,Sharon,Logan,Korea,2025-10-24,Standard
C02243,Mark,Lee,Bosnia and Herzegovina,2023-09-01,Standard
C02244,Brooke,Jones,Somalia,2024-06-08,Business
C02245,Rebecca,Martinez,Malawi,2024-09-14,Premium
C02246,Michael,Olson,Niger,2025-07-03,Standard
C02247,Jacob,Taylor,Aruba,2023-11-14,Standard
C02248,David,Silva,Malaysia,2026-05-21,Premium
C02249,Karen,Collins,Turks and Caicos Islands,2025-11-30,Standard
C02250,Kimberly,Hernandez,Georgia,2026-03-07,Standard
C02251,Matthew,Wood,Algeria,2025-10-25,Standard
C02252,Brenda,Gregory,Azerbaijan,2024-08-15,Premium
C02253,William,Conley,Togo,2023-11-05,Standard
C02254,Robert,Gonzalez,Cook Islands,2026-05-04,Premium
C02255,Rebekah,Glover,Guam,2024-06-02,Premium
C02256,Elizabeth,Neal,Lao People's Democratic Republic,2026-03-01,Standard
C02257,Heather,Christian,Mongolia,2025-01-15,Standard
C02258,Christina,Barnes,Central African Republic,2024-01-22,Standard
C02259,Shawn,Mccormick,Armenia,2025-09-21,Standard
C02260,Jeffrey,Smith,Czech Republic,2026-07-24,Standard
C02261,Jerry,Hanson,Dominican Republic,2025-08-28,Premium
C02262,Jessica,Cisneros,Greenland,2025-03-18,Standard
C02263,Jamie,Lopez,Albania,2025-02-26,Premium
C02264,Alejandro,Howard,Moldova,2024-02-07,Standard
C02265,Douglas,Alexander,Norfolk Island,2026-02-07,Standard
C02266,Roberta,Ward,Antarctica (the territory South of 60 deg S),2024-06-17,Standard
C02267,James,Thompson,Turks and Caicos Islands,2024-09-23,Standard
C02268,Jennifer,Morgan,Micronesia,2024-08-29,Premium
C02269,Gregory,Smith,Tajikistan,2024-09-22,Standard
C02270,Renee,Smith,Philippines,2024-03-13,Standard
C02271,Nicholas,Cobb,Bouvet Island (Bouvetoya),2025-01-19,Standard
C02272,Sharon,Torres,Dominican Republic,2025-03-09,Standard
C02273,Lisa,Guerrero,Wallis and Futuna,2025-11-08,Standard
C02274,Tiffany,Cuevas,Turkmenistan,2025-06-16,Standard
C02275,Natalie,Jones,Cambodia,2024-03-03,Business
C02276,Laura,Lee,Honduras,2026-07-26,Standard
C02277,Nicholas,Greene,North Macedonia,2024-08-26,Premium
C02278,Samantha,Hines,Namibia,2024-06-01,Standard
C02279,Melissa,Phillips,Canada,2025-01-03,Standard
C02280,John,Soto,Fiji,2024-02-25,Standard
C02281,Melissa,Schmitt,Turks and Caicos Islands,2025-09-10,Standard
C02282,Jason,Miller,Latvia,2026-06-08,Standard
C02283,Christina,Jackson,Iceland,2026-05-11,Standard
C02284,Karen,Brooks,Maldives,2025-08-03,Standard
C02285,Harold,Marquez,Malta,2026-07-26,Standard
C02286,Timothy,Sosa,Lebanon,2024-10-02,Standard
C02287,Bianca,Little,Somalia,2026-02-05,Business
C02288,Debra,Clark,Ukraine,2024-06-23,Standard
C02289,Shannon,Young,Cuba,2024-11-30,Standard
C02290,Ronald,Bennett,Cayman Islands,2025-03-16,Standard
C02291,Jonathan,Miller,Sao Tome and Principe,2023-12-21,Standard
C02292,Kenneth,Stone,Denmark,2026-02-05,Standard
C02293,Blake,Hunt,Guadeloupe,2025-06-04,Standard
C02294,Shannon,Reynolds,Heard Island and McDonald Islands,2025-09-23,Standard
C02295,Logan,Reyes,Christmas Island,2025-06-29,Standard
C02296,Jesus,Brewer,Guinea-Bissau,2023-12-19,Standard
C02297,Kelly,Shaw,Mayotte,2026-05-08,Standard
C02298,Christian,Hill,Denmark,2024-01-12,Standard
C02299,David,Ward,Mayotte,2024-06-19,Standard
C02300,Matthew,Leonard,El Salvador,2024-11-25,Standard
C02301,Julie,Mack,Tanzania,2024-10-12,Premium
C02302,James,Munoz,Burundi,2025-12-03,Standard
C02303,Rita,Smith,French Southern Territories,2024-10-23,Standard
C02304,Lynn,Logan,Iraq,2025-05-04,Standard
C02305,Lydia,Todd,American Samoa,2025-08-15,Premium
C02306,Destiny,Hays,Zambia,2024-03-31,Standard
C02307,Michelle,Perez,Saint Kitts and Nevis,2024-07-04,Standard
C02308,Thomas,Black,Solomon Islands,2025-12-18,Standard
C02309,Katherine,Sharp,Kyrgyz Republic,2025-01-23,Standard
C02310,Latoya,Edwards,Comoros,2025-06-09,Standard
C02311,Kayla,Wolfe,Cote d'Ivoire,2025-06-24,Standard
C02312,Shannon,Hansen,Holy See (Vatican City State),2024-03-15,Premium
C02313,Barbara,Anderson,Western Sahara,2023-08-28,Standard
C02314,Vincent,Hopkins,Guinea,2025-01-21,Premium
C02315,Jeremiah,Simmons,Sao Tome and Principe,2025-04-30,Business
C02316,Kathryn,Vaughn,French Southern Territories,2024-12-31,Standard
C02317,Brenda,Bradley,Antigua and Barbuda,2024-03-16,Standard
C02318,Eric,Cisneros,Greenland,2026-01-11,Standard
C02319,Crystal,Morrison,New Caledonia,2026-01-20,Standard
C02320,Michelle,Baird,Costa Rica,2025-04-10,Standard
C02321,Bryce,Hughes,Lebanon,2024-01-28,Premium
C02322,Mark,Hayden,Northern Mariana Islands,2024-11-28,Premium
C02323,Christopher,Garcia,Micronesia,2024-05-14,Standard
C02324,Antonio,Barker,Liechtenstein,2023-09-23,Standard
C02325,Jacob,Jones,Hungary,2024-10-26,Premium
C02326,Jamie,Carter,Malta,2023-11-29,Business
C02327,Shawn,Wood,Algeria,2024-05-05,Premium
C02328,Mark,Browning,India,2024-04-12,Standard
C02329,Veronica,Anderson,Italy,2025-08-24,Standard
C02330,Julia,Price,United Kingdom,2024-06-28,Standard
C02331,David,Harris,Jersey,2026-06-10,Standard
C02332,Thomas,Munoz,Wallis and Futuna,2024-12-07,Standard
C02333,Briana,Shaw,Poland,2025-07-25,Standard
C02334,Joshua,Smith,Cambodia,2025-07-05,Standard
C02335,Caleb,Ross,Sri Lanka,2024-08-30,Standard
C02336,Alicia,Kent,Turkmenistan,2025-09-13,Standard
C02337,Steve,Johnston,Saint Pierre and Miquelon,2024-01-01,Standard
C02338,Keith,Ibarra,Korea,2025-02-01,Standard
C02339,Isabella,Dawson,French Southern Territories,2025-04-11,Standard
C02340,Chloe,Patrick,China,2025-05-18,Standard
C02341,John,Yoder,Saint Martin,2025-06-14,Premium
C02342,Stephen,Bartlett,Cocos (Keeling) Islands,2026-08-02,Standard
C02343,Ashley,Long,Yemen,2023-10-19,Standard
C02344,John,Harrell,Falkland Islands (Malvinas),2026-04-14,Standard
C02345,Amanda,Estrada,Bangladesh,2026-08-01,Premium
C02346,Jessica,Barrera,United States of America,2025-09-17,Standard
C02347,Robert,Gill,British Virgin Islands,2025-03-07,Standard
C02348,Charles,Garcia,Seychelles,2024-12-31,Standard
C02349,Robert,Martin,Cote d'Ivoire,2025-10-07,Standard
C02350,Bradley,Johnson,Northern Mariana Islands,2026-07-26,Standard
C02351,Emma,Murray,Guam,2025-04-24,Standard
C02352,Melissa,Sanders,Algeria,2024-09-05,Premium
C02353,Danny,Stark,Greece,2026-06-19,Standard
C02354,Kaitlyn,Washington,Bangladesh,2023-12-19,Premium
C02355,Amy,Allen,Zambia,2025-06-22,Premium
C02356,Donald,Hoover,Tajikistan,2024-04-19,Standard
C02357,George,Smith,Bolivia,2024-05-14,Premium
C02358,Kelly,Nichols,India,2024-04-30,Standard
C02359,Chris,Gallagher,Philippines,2024-10-10,Standard
C02360,Eric,Howard,Cuba,2023-10-05,Standard
C02361,Patricia,Patel,Kenya,2026-07-30,Standard
C02362,Brandon,Walters,Mali,2026-05-04,Standard
C02363,Elaine,Keller,Bosnia and Herzegovina,2025-04-10,Standard
C02364,Hannah,Wallace,Netherlands Antilles,2023-08-20,Standard
C02365,Brandon,Bennett,Cook Islands,2024-09-03,Standard
C02366,Nicholas,Allen,Bermuda,2023-09-06,Standard
C02367,Robert,Hays,Guadeloupe,2024-06-06,Standard
C02368,Erin,Brown,Turkmenistan,2024-01-10,Standard
C02369,Laura,Rivas,Chad,2024-04-28,Standard
C02370,Bradley,Hunt,Suriname,2025-01-02,Premium
C02371,Marcus,Sims,Nigeria,2024-06-29,Standard
C02372,Sarah,Foster,Japan,2024-02-16,Premium
C02373,Jesse,Rodriguez,Gibraltar,2024-05-08,Standard
C02374,Alexis,Valdez,American Samoa,2025-04-08,Standard
C02375,Jason,Robinson,Palestinian Territory,2024-10-18,Standard
C02376,Debra,Wood,Bangladesh,2024-07-17,Standard
C02377,Robert,Saunders,Luxembourg,2024-01-18,Standard
C02378,Jennifer,Moody,Uzbekistan,2026-01-13,Premium
C02379,George,Haley,Netherlands Antilles,2024-12-28,Standard
C02380,Tina,Horton,Philippines,2026-07-25,Premium
C02381,Dean,Thompson,Senegal,2026-07-16,Premium
C02382,Louis,York,Liberia,2023-11-25,Premium
C02383,Matthew,Franklin,Myanmar,2025-07-10,Premium
C02384,Patrick,Davidson,Djibouti,2025-10-03,Standard
C02385,Briana,Mcneil,Djibouti,2023-09-14,Standard
C02386,Christina,Mosley,Georgia,2024-08-14,Standard
C02387,Joann,Todd,Niger,2023-12-14,Standard
C02388,Brian,Brooks,French Polynesia,2024-06-21,Standard
C02389,Edward,Harris,Argentina,2024-08-16,Premium
C02390,Sandra,George,Yemen,2025-07-02,Standard
C02391,Jocelyn,Murphy,Fiji,2024-12-18,Standard
C02392,Dawn,Hodges,Mali,2025-05-18,Standard
C02393,Deborah,Roberts,Anguilla,2024-08-02,Standard
C02394,Melanie,Rivera,Ecuador,2024-06-27,Standard
C02395,Amber,Knox,Papua New Guinea,2024-09-01,Premium
C02396,Laurie,Horton,Cyprus,2026-03-14,Standard
C02397,Monique,Boyd,Cocos (Keeling) Islands,2025-06-30,Standard
C02398,Crystal,Brown,Liechtenstein,2023-11-29,Standard
C02399,Stephanie,Williams,Cambodia,2024-06-25,Standard
C02400,David,Thompson,Mexico,2024-06-25,Standard
C02401,Joel,Miller,Saint Kitts and Nevis,2025-08-07,Standard
C02402,Larry,Griffith,Ecuador,2025-06-01,Standard
C02403,Gregory,Wright,France,2026-01-24,Standard
C02404,Shane,Reid,Faroe Islands,2025-08-29,Standard
C02405,Christopher,Kaufman,Indonesia,2025-03-21,Standard
C02406,Gary,Alexander,Madagascar,2026-03-16,Standard
C02407,Jessica,Wolf,Svalbard & Jan Mayen Islands,2025-08-30,Standard
C02408,Andrew,James,Timor-Leste,2023-12-20,Standard
C02409,Katherine,Dorsey,Nepal,2025-11-24,Business
C02410,Eric,Barber,Equatorial Guinea,2025-03-26,Standard
C02411,Steven,Chavez,Honduras,2026-01-02,Standard
C02412,Catherine,Jones,Burkina Faso,2025-08-10,Standard
C02413,James,Hendricks,Albania,2023-09-01,Standard
C02414,Michelle,Cross,Holy See (Vatican City State),2025-09-14,Standard
C02415,Richard,Perry,Indonesia,2025-03-14,Standard
C02416,Patrick,Parker,Namibia,2023-12-01,Business
C02417,Riley,Williams,Uruguay,2024-02-22,Standard
C02418,Paul,Cunningham,Congo,2025-06-20,Standard
C02419,Susan,Wise,Sao Tome and Principe,2025-02-04,Standard
C02420,William,Burns,Portugal,2025-03-06,Standard
C02421,Heather,Curtis,Vanuatu,2025-06-01,Standard
C02422,Jill,Allen,Antigua and Barbuda,2025-02-24,Standard
C02423,Crystal,Rhodes,Qatar,2026-06-12,Premium
C02424,Deanna,Green,Korea,2026-07-05,Standard
C02425,Dylan,Wright,Mozambique,2026-06-07,Standard
C02426,Mckenzie,Smith,Sierra Leone,2024-01-03,Premium
C02427,Dawn,Rangel,Indonesia,2026-02-08,Standard
C02428,Terri,Miller,United States of America,2024-06-01,Business
C02429,Nancy,Martin,Japan,2024-09-08,Standard
C02430,Heather,Mason,Martinique,2026-05-31,Premium
C02431,Olivia,Willis,Saint Martin,2025-05-13,Standard
C02432,Karen,Glass,Trinidad and Tobago,2023-12-29,Premium
C02433,Daniel,Armstrong,South Georgia and the South Sandwich Islands,2025-01-28,Business
C02434,Lisa,Adams,Cote d'Ivoire,2025-04-22,Standard
C02435,Holly,Smith,Chile,2025-09-14,Business
C02436,Aaron,Jones,Qatar,2025-05-23,Standard
C02437,Alicia,Pena,Saint Martin,2025-06-12,Standard
C02438,George,Brooks,Romania,2024-03-08,Standard
C02439,James,White,Yemen,2024-01-31,Standard
C02440,Shannon,Olsen,Colombia,2024-06-20,Standard
C02441,Brian,White,Senegal,2024-06-06,Standard
C02442,Jordan,Barrera,Ireland,2025-06-27,Standard
C02443,Courtney,Weber,Trinidad and Tobago,2026-04-27,Premium
C02444,Gabriel,Carter,Honduras,2024-02-22,Premium
C02445,Joshua,Peterson,Myanmar,2024-08-11,Standard
C02446,Timothy,Chambers,Bolivia,2023-08-27,Standard
C02447,Bruce,Walton,Albania,2026-06-11,Standard
C02448,Brandi,Huerta,Bhutan,2024-07-05,Standard
C02449,Alexa,Smith,Netherlands,2025-10-28,Standard
C02450,Valerie,Juarez,Venezuela,2025-09-05,Standard
C02451,Thomas,Rogers,Japan,2025-01-16,Standard
C02452,Nathan,Wu,Germany,2024-08-19,Business
C02453,Shelley,Ortega,Honduras,2026-03-18,Standard
C02454,Brian,Kelly,Greenland,2024-01-15,Standard
C02455,Aaron,Harrell,Iran,2024-03-15,Standard
C02456,Anthony,Martinez,Marshall Islands,2024-10-20,Standard
C02457,Stephanie,Walton,Egypt,2025-03-07,Standard
C02458,Shannon,Parks,Trinidad and Tobago,2025-08-20,Standard
C02459,Zachary,Keller,Afghanistan,2026-04-30,Standard
C02460,Susan,Hess,Andorra,2026-04-23,Standard
C02461,Michael,Williams,Sri Lanka,2024-12-30,Business
C02462,Erica,Hall,Libyan Arab Jamahiriya,2025-04-25,Premium
C02463,Jocelyn,Bauer,Guernsey,2025-06-07,Standard
C02464,Sheila,David,Lebanon,2026-05-31,Standard
C02465,Mercedes,Stein,Saint Martin,2025-04-01,Standard
C02466,Kelly,Lee,Cambodia,2025-10-28,Standard
C02467,Nancy,Glover,Saint Barthelemy,2025-10-04,Standard
C02468,Anthony,Jimenez,Benin,2024-11-23,Standard
C02469,Marisa,Davies,Tunisia,2025-08-07,Standard
C02470,Gary,Griffin,Brazil,2025-08-31,Standard
C02471,Elaine,Allen,Croatia,2024-05-03,Standard
C02472,Karen,Keller,Benin,2024-01-23,Business
C02473,Ryan,Baldwin,Central African Republic,2025-01-01,Premium
C02474,Raven,Miranda,Cyprus,2024-09-16,Premium
C02475,Elizabeth,Lynn,Paraguay,2024-02-20,Standard
C02476,Elizabeth,Livingston,North Macedonia,2025-09-15,Premium
C02477,Christopher,Holt,Tunisia,2024-07-25,Standard
C02478,Sarah,Miranda,Netherlands Antilles,2023-11-21,Premium
C02479,Dawn,Bennett,Saint Barthelemy,2025-03-27,Standard
C02480,Desiree,Glover,Togo,2025-06-21,Premium
C02481,Lindsey,Walker,Brazil,2024-11-07,Standard
C02482,Christopher,Davis,Saint Vincent and the Grenadines,2026-02-17,Premium
C02483,Sharon,Garner,Brazil,2026-01-18,Premium
C02484,Michael,Castaneda,Zimbabwe,2025-03-25,Standard
C02485,Barbara,Smith,Bahamas,2026-02-14,Standard
C02486,Amanda,Boone,Jamaica,2024-12-21,Business
C02487,Kelsey,Salinas,Vietnam,2024-02-25,Standard
C02488,April,Guzman,Cyprus,2024-01-25,Premium
C02489,Randall,Medina,Kuwait,2024-12-15,Standard
C02490,Duane,Hahn,Taiwan,2024-07-18,Standard
C02491,Vincent,Bryant,Netherlands Antilles,2024-10-26,Standard
C02492,Dustin,Ortega,Spain,2026-08-09,Standard
C02493,Austin,Flores,Macao,2026-07-17,Premium
C02494,David,Shea,Romania,2026-01-20,Standard
C02495,Timothy,Poole,Lithuania,2024-11-07,Standard
C02496,Janet,Bennett,Sudan,2025-01-11,Standard
C02497,Eric,Moran,Thailand,2024-07-27,Standard
C02498,Isabella,Williams,Tonga,2024-05-17,Premium
C02499,Melissa,Luna,French Southern Territories,2026-06-02,Business
C02500,Rita,Moore,Angola,2025-12-11,Standard
C02501,Philip,Henderson,Lebanon,2025-02-04,Premium
C02502,Katherine,Myers,Marshall Islands,2024-10-25,Premium
C02503,Justin,Leblanc,Reunion,2025-12-11,Standard
C02504,Phillip,Anderson,Sao Tome and Principe,2026-01-30,Business
C02505,Michelle,Brown,Vietnam,2024-11-27,Standard
C02506,Stephen,Martin,Burundi,2025-06-29,Standard
C02507,Heather,Carter,Cameroon,2024-07-03,Premium
C02508,Jeffery,Goodman,Saint Pierre and Miquelon,2026-05-20,Standard
C02509,Albert,Barber,Morocco,2024-01-18,Premium
C02510,Erika,Hinton,Cameroon,2025-03-19,Premium
C02511,Stephanie,Simmons,Tajikistan,2024-04-30,Standard
C02512,Sara,Davis,Lebanon,2024-05-18,Premium
C02513,Sierra,Wilson,Malaysia,2026-05-18,Standard
C02514,Matthew,Hamilton,Canada,2026-04-12,Standard
C02515,Jennifer,Sanchez,British Indian Ocean Territory (Chagos Archipelago),2024-08-21,Standard
C02516,Randy,Turner,Nepal,2024-05-06,Premium
C02517,Denise,Bennett,Puerto Rico,2026-06-19,Standard
C02518,Donna,Strickland,Tonga,2026-05-19,Standard
C02519,Patrick,Chen,Kenya,2025-03-05,Standard
C02520,Alexander,Wilson,British Virgin Islands,2025-09-10,Premium
C02521,Darlene,Kerr,Czech Republic,2023-09-17,Standard
C02522,Brenda,Archer,Lesotho,2024-10-11,Standard
C02523,Heather,Davis,Nauru,2024-05-20,Standard
C02524,Patrick,Cooke,Reunion,2025-06-16,Standard
C02525,Kenneth,Martinez,Greece,2023-11-19,Premium
C02526,Jennifer,Atkins,Mauritania,2024-05-26,Standard
C02527,Richard,Haynes,India,2025-12-23,Standard
C02528,Lisa,Logan,Marshall Islands,2025-09-09,Business
C02529,Caleb,Hood,Mauritania,2026-05-21,Standard
C02530,David,Mullins,Palestinian Territory,2024-02-11,Business
C02531,Henry,George,Cocos (Keeling) Islands,2023-08-21,Standard
C02532,Angela,Mcbride,British Virgin Islands,2023-10-12,Premium
C02533,David,Harris,Central African Republic,2023-12-27,Standard
C02534,Anna,York,Antigua and Barbuda,2023-12-22,Standard
C02535,Tina,Hunter,Haiti,2025-12-05,Premium
C02536,George,Rowland,Palestinian Territory,2023-08-13,Premium
C02537,John,Williams,Yemen,2025-10-27,Premium
C02538,Rebecca,Carter,Martinique,2025-07-04,Standard
C02539,Donald,Henry,Germany,2025-11-01,Premium
C02540,Renee,Shea,New Caledonia,2025-11-26,Premium
C02541,William,Watts,Panama,2023-10-21,Standard
C02542,Joel,Lopez,French Southern Territories,2024-07-12,Premium
C02543,Susan,Guzman,Cuba,2026-02-17,Premium
C02544,Michael,Anderson,Nigeria,2025-05-29,Standard
C02545,Charles,Scott,Hong Kong,2026-05-18,Standard
C02546,Rebecca,Ross,Belize,2024-09-10,Standard
C02547,Erica,Bentley,Cambodia,2025-11-22,Standard
C02548,James,Soto,Ethiopia,2026-04-22,Standard
C02549,Heather,Lee,Holy See (Vatican City State),2026-01-04,Standard
C02550,Diane,Hoover,Netherlands,2024-04-23,Standard
C02551,Robert,Hernandez,Solomon Islands,2025-06-16,Standard
C02552,Nicholas,Maynard,Egypt,2023-12-11,Standard
C02553,Joseph,Schmidt,Poland,2025-12-11,Premium
C02554,Richard,Murphy,Benin,2025-02-26,Premium
C02555,Regina,Strickland,Cameroon,2024-07-28,Standard
C02556,Joshua,Garcia,Cyprus,2025-03-23,Business
C02557,Stephanie,Patton,British Virgin Islands,2024-05-11,Standard
C02558,Alisha,Hutchinson,Namibia,2025-09-11,Standard
C02559,Cody,Bailey,Montserrat,2024-10-24,Standard
C02560,Andrea,Lawson,Ukraine,2023-10-26,Standard
C02561,George,Potts,Iceland,2024-05-19,Premium
C02562,Michael,Figueroa,Solomon Islands,2025-11-15,Premium
C02563,Andrea,Macias,Iraq,2025-08-22,Standard
C02564,Brittany,Green,Poland,2025-10-18,Standard
C02565,Jennifer,Sandoval,Cambodia,2025-03-23,Standard
C02566,Ashley,Adams,Uruguay,2026-05-01,Standard
C02567,Terri,Zimmerman,Egypt,2026-07-01,Standard
C02568,Charlotte,Mann,Cocos (Keeling) Islands,2025-06-24,Standard
C02569,Valerie,Lindsey,Macao,2024-10-31,Premium
C02570,Joshua,Patterson,Western Sahara,2024-08-02,Premium
C02571,Kevin,Hodge,Yemen,2024-11-29,Standard
C02572,Richard,Edwards,Bermuda,2026-04-24,Premium
C02573,Christopher,Blair,Western Sahara,2024-01-05,Standard
C02574,Frederick,Brown,Samoa,2024-10-30,Standard
C02575,Angela,Vasquez,Tunisia,2023-08-29,Standard
C02576,Suzanne,Coleman,Malawi,2024-03-11,Standard
C02577,Timothy,Robertson,Philippines,2025-11-17,Business
C02578,Heidi,Sullivan,Nicaragua,2024-06-03,Standard
C02579,Rhonda,Reese,Rwanda,2025-06-03,Standard
C02580,Jacqueline,Brady,Ecuador,2026-06-05,Standard
C02581,Stephanie,Morrow,Turkmenistan,2025-11-10,Standard
C02582,Gabriella,Williams,Kiribati,2024-04-30,Premium
C02583,Emily,Macias,Malta,2024-07-27,Standard
C02584,Gregory,Richardson,Burkina Faso,2025-10-18,Standard
C02585,Michael,Williams,Lithuania,2025-03-23,Standard
C02586,George,Booker,Guadeloupe,2026-07-02,Standard
C02587,John,Ryan,Seychelles,2024-02-12,Standard
C02588,Kelly,Webb,Estonia,2024-07-08,Standard
C02589,Aaron,Welch,India,2024-07-15,Standard
C02590,Sandra,Hickman,Norway,2025-10-21,Premium
C02591,Margaret,Johnson,Kyrgyz Republic,2026-03-29,Premium
C02592,Melinda,Brown,Albania,2026-03-26,Premium
C02593,Steven,Evans,Botswana,2023-08-21,Standard
C02594,Michael,Bowen,Iran,2025-02-13,Standard
C02595,Alan,Jordan,Congo,2023-12-22,Standard
C02596,Allison,Roach,Isle of Man,2024-02-21,Premium
C02597,Robin,Smith,Seychelles,2026-05-29,Standard
C02598,John,Ruiz,Holy See (Vatican City State),2024-11-19,Standard
C02599,Michael,Mcclain,Mauritania,2024-10-04,Standard
C02600,Daniel,Gonzales,Taiwan,2025-06-25,Standard
C02601,Evan,Gomez,Jordan,2023-08-22,Standard
C02602,Michael,Harrell,Congo,2024-01-31,Standard
C02603,Jake,Williams,Indonesia,2025-05-28,Premium
C02604,Julie,Santana,Central African Republic,2026-06-12,Standard
C02605,James,Mendoza,Papua New Guinea,2024-09-28,Standard
C02606,David,Burns,Lithuania,2026-07-07,Standard
C02607,Jennifer,Nguyen,Serbia,2025-04-25,Standard
C02608,Warren,Mclean,Tajikistan,2025-04-08,Standard
C02609,David,Rosario,Somalia,2023-09-14,Premium
C02610,David,Cooper,American Samoa,2026-07-11,Standard
C02611,Joel,Gregory,Guam,2025-06-10,Premium
C02612,Tiffany,Mclaughlin,Jordan,2025-08-27,Standard
C02613,Keith,Tucker,Senegal,2025-06-09,Standard
C02614,John,Hernandez,Malawi,2024-05-29,Premium
C02615,John,Wang,Tonga,2024-09-25,Standard
C02616,Virginia,Wright,Swaziland,2025-06-09,Standard
C02617,James,Mccarthy,Sudan,2024-01-20,Standard
C02618,Jacqueline,Shaw,Cocos (Keeling) Islands,2024-06-01,Standard
C02619,Victoria,Garza,North Macedonia,2024-03-31,Premium
C02620,Jerome,Anderson,Argentina,2024-10-11,Standard
C02621,Veronica,Hickman,Japan,2023-09-09,Premium
C02622,Christina,Davis,Austria,2025-03-25,Premium
C02623,Richard,Torres,North Macedonia,2024-08-06,Standard
C02624,Jeffrey,Simmons,Bahamas,2025-10-13,Premium
C02625,Ronald,Williams,Bouvet Island (Bouvetoya),2024-10-04,Standard
C02626,Michael,Hahn,Rwanda,2025-05-23,Business
C02627,John,Jacobson,Cocos (Keeling) Islands,2023-10-15,Standard
C02628,Aaron,Guerrero,Gibraltar,2024-07-07,Standard
C02629,Justin,Ramirez,New Caledonia,2024-01-16,Standard
C02630,Ryan,King,Liechtenstein,2025-02-27,Standard
C02631,Matthew,Rodriguez,Paraguay,2023-09-03,Standard
C02632,Felicia,Townsend,Bulgaria,2025-01-08,Premium
C02633,Michael,Patrick,Samoa,2026-02-12,Standard
C02634,Allison,Watson,Pakistan,2024-10-14,Standard
C02635,Jason,Cruz,Tuvalu,2024-01-25,Premium
C02636,David,Newton,British Indian Ocean Territory (Chagos Archipelago),2023-10-15,Standard
C02637,Brenda,Barr,Palau,2024-06-03,Business
C02638,James,Griffin,Bolivia,2023-12-07,Premium
C02639,Shelly,Montgomery,Gabon,2025-08-18,Business
C02640,Veronica,Harris,Saint Helena,2024-04-07,Premium
C02641,Bradley,Lee,Mexico,2024-09-08,Standard
C02642,Patricia,Malone,Tanzania,2025-12-30,Standard
C02643,Theresa,Jacobson,Kiribati,2026-04-17,Premium
C02644,Jennifer,Bartlett,Bangladesh,2025-09-01,Standard
C02645,Robert,Velazquez,Macao,2023-09-15,Standard
C02646,Gary,Hill,Bulgaria,2024-11-04,Standard
C02647,Brandon,Knight,South Africa,2026-07-25,Business
C02648,James,Olsen,Lithuania,2026-07-11,Standard
C02649,Amanda,Palmer,Belarus,2024-04-26,Standard
C02650,Samuel,Hicks,Monaco,2025-04-10,Standard
C02651,Richard,Nelson,Colombia,2023-08-18,Standard
C02652,Ernest,Robinson,Qatar,2023-08-26,Standard
C02653,Natasha,Gibbs,Korea,2025-10-03,Standard
C02654,Jasmine,Warren,Gabon,2024-07-20,Standard
C02655,Kenneth,Adams,British Indian Ocean Territory (Chagos Archipelago),2024-05-04,Premium
C02656,Jeffrey,Ferguson,French Guiana,2023-10-12,Standard
C02657,Danielle,Mcmahon,Fiji,2024-03-06,Premium
C02658,Joseph,Gibbs,Norway,2024-09-02,Premium
C02659,Veronica,Clark,Brazil,2023-08-15,Standard
C02660,Deborah,Chen,Heard Island and McDonald Islands,2024-12-29,Standard
C02661,Christopher,Thornton,Mexico,2024-09-26,Standard
C02662,Jennifer,Ortiz,New Zealand,2024-11-13,Premium
C02663,Mark,Brown,Suriname,2023-08-29,Standard
C02664,Madison,Robinson,Fiji,2024-05-13,Standard
C02665,Jonathan,Smith,Palestinian Territory,2026-02-04,Standard
C02666,Daniel,Reese,Hong Kong,2026-05-24,Standard
C02667,Jonathan,Sims,Netherlands,2025-12-15,Standard
C02668,Jamie,Ramos,Greece,2024-10-03,Standard
C02669,James,Soto,Togo,2025-04-18,Premium
C02670,Eric,Hall,Saint Kitts and Nevis,2025-06-17,Standard
C02671,Miguel,Barrera,Bermuda,2025-09-21,Standard
C02672,Hunter,Lopez,Tokelau,2024-05-12,Standard
C02673,Jacob,Henry,Saint Lucia,2024-05-19,Premium
C02674,Deborah,Smith,Central African Republic,2024-05-15,Standard
C02675,Lisa,Mcdaniel,Comoros,2023-11-28,Premium
C02676,Douglas,Simmons,Korea,2026-05-11,Standard
C02677,Tara,Garcia,Malta,2024-03-13,Standard
C02678,Jessica,Morton,Netherlands,2024-01-14,Standard
C02679,Nicholas,Smith,Sweden,2023-09-03,Standard
C02680,Kathryn,Newman,Aruba,2024-03-05,Standard
C02681,John,Miller,Cambodia,2026-04-13,Standard
C02682,Carol,Sparks,Algeria,2024-01-25,Premium
C02683,Amy,Meyers,Timor-Leste,2023-12-22,Standard
C02684,James,Castillo,Mongolia,2025-07-03,Standard
C02685,Lisa,Parker,Lesotho,2024-04-09,Standard
C02686,John,Stephens,Ethiopia,2026-04-13,Standard
C02687,Amy,Smith,Aruba,2024-01-19,Standard
C02688,Amy,Garcia,Turks and Caicos Islands,2025-05-19,Standard
C02689,Donald,Barr,Anguilla,2024-07-30,Standard
C02690,Ronald,Hernandez,Palau,2024-10-31,Standard
C02691,Jeremiah,Koch,Hungary,2026-07-14,Standard
C02692,Nicole,Carson,Bouvet Island (Bouvetoya),2025-09-15,Standard
C02693,Gavin,Rodriguez,Bosnia and Herzegovina,2024-10-23,Standard
C02694,Michael,Gilbert,British Indian Ocean Territory (Chagos Archipelago),2025-02-23,Standard
C02695,Sandra,Gillespie,Ukraine,2023-10-19,Business
C02696,Cassandra,Thompson,Marshall Islands,2025-01-14,Standard
C02697,Carol,Shelton,Canada,2026-06-14,Standard
C02698,Gloria,Weber,France,2025-02-04,Standard
C02699,Nancy,Nelson,Luxembourg,2026-06-05,Premium
C02700,Miguel,Baker,United States of America,2023-12-09,Premium
C02701,Kristina,Hensley,Canada,2026-05-27,Standard
C02702,Dwayne,Hernandez,Kiribati,2025-08-25,Business
C02703,Lisa,Wilson,Japan,2024-10-18,Standard
C02704,Duane,Morris,Brunei Darussalam,2024-05-21,Standard
C02705,Katrina,Gomez,Lithuania,2025-06-01,Premium
C02706,Timothy,Dudley,Netherlands,2026-04-27,Premium
C02707,Mathew,Pham,Palau,2024-08-29,Standard
C02708,Patrick,Dunn,Mauritania,2025-11-19,Standard
C02709,Travis,Herrera,Denmark,2025-04-01,Standard
C02710,Christopher,Espinoza,Malta,2026-01-26,Standard
C02711,Kimberly,Shepherd,Cyprus,2026-08-09,Premium
C02712,Christopher,Ward,Costa Rica,2023-09-08,Standard
C02713,Michael,Wells,Burkina Faso,2024-01-31,Standard
C02714,Brian,Bailey,Thailand,2024-03-16,Standard
C02715,Kenneth,Thomas,Timor-Leste,2025-12-16,Standard
C02716,Teresa,Durham,Ecuador,2024-07-05,Standard
C02717,Maria,Brown,Burundi,2024-02-11,Standard
C02718,Suzanne,Padilla,Honduras,2023-09-22,Business
C02719,Heather,Coleman,Austria,2026-08-06,Premium
C02720,Daniel,Perkins,Lesotho,2026-02-20,Standard
C02721,Monica,Johnson,Haiti,2024-03-19,Premium
C02722,Christian,Jones,Montenegro,2025-05-21,Premium
C02723,Edward,White,Samoa,2024-03-17,Premium
C02724,Kaitlin,Hale,French Southern Territories,2025-08-12,Standard
C02725,Robert,Rogers,Slovenia,2026-05-10,Standard
C02726,Heather,Mitchell,Cape Verde,2023-11-14,Standard
C02727,Nicole,Johnson,Sao Tome and Principe,2024-05-08,Standard
C02728,Wesley,Smith,Syrian Arab Republic,2025-06-01,Standard
C02729,Erin,Liu,Micronesia,2024-09-16,Standard
C02730,Samantha,Shaw,Russian Federation,2024-07-31,Standard
C02731,Rodney,Moore,Bermuda,2025-10-31,Premium
C02732,Nicholas,Tapia,Samoa,2024-07-07,Standard
C02733,Richard,Brown,India,2024-05-24,Standard
C02734,Lynn,Daugherty,Netherlands,2023-12-10,Business
C02735,Lisa,Mcdonald,Germany,2026-05-22,Premium
C02736,Dawn,Wilcox,Chad,2023-11-05,Premium
C02737,Linda,Lucas,Congo,2024-10-05,Business
C02738,Daniel,Miller,Netherlands,2025-01-15,Standard
C02739,Anthony,Campbell,Mauritius,2024-01-25,Business
C02740,Cameron,Harper,Saudi Arabia,2024-12-05,Standard
C02741,Jacob,Harris,Vanuatu,2023-10-02,Standard
C02742,John,Miller,Montenegro,2026-01-06,Standard
C02743,Bradley,Downs,Liberia,2023-10-22,Standard
C02744,Brandon,Davis,Georgia,2023-08-26,Standard
C02745,Tina,Walton,Indonesia,2025-09-28,Standard
C02746,James,Walton,Saint Kitts and Nevis,2025-02-15,Premium
C02747,Terri,Park,Bhutan,2025-01-08,Standard
C02748,Richard,Figueroa,Bolivia,2025-10-01,Standard
C02749,Lindsey,Hernandez,Namibia,2025-03-28,Premium
C02750,Thomas,Melton,Argentina,2024-11-05,Standard
C02751,Evan,Fleming,Belgium,2026-04-11,Standard
C02752,Christopher,Higgins,Turks and Caicos Islands,2024-07-12,Standard
C02753,Lindsey,Pena,Seychelles,2024-04-19,Standard
C02754,Victoria,Mason,Saint Lucia,2026-03-15,Standard
C02755,Denise,Conrad,Guam,2025-07-08,Premium
C02756,Kristen,Morgan,Guyana,2026-04-07,Standard
C02757,Melissa,Jordan,Uganda,2026-07-08,Standard
C02758,Paul,Clark,New Zealand,2026-03-12,Premium
C02759,Charles,Hernandez,Niue,2025-09-23,Premium
C02760,Connor,Smith,Seychelles,2024-12-05,Standard
C02761,Amy,Novak,Slovenia,2023-12-26,Standard
C02762,Victor,Gibson,Chile,2024-11-14,Standard
C02763,Evan,Ramirez,Haiti,2025-02-11,Standard
C02764,Christopher,White,Sierra Leone,2025-07-28,Standard
C02765,Jonathan,Kennedy,Equatorial Guinea,2025-06-29,Standard
C02766,Debra,Taylor,British Virgin Islands,2026-01-12,Business
C02767,Tracy,Cox,France,2025-04-26,Standard
C02768,Robert,Harvey,Pitcairn Islands,2024-02-29,Standard
C02769,Scott,Hunt,Nigeria,2024-12-12,Standard
C02770,Nathaniel,Fleming,Madagascar,2025-07-12,Standard
C02771,Jose,Hutchinson,Pitcairn Islands,2023-10-18,Standard
C02772,Christine,Schneider,Saint Vincent and the Grenadines,2024-08-27,Standard
C02773,Holly,Castro,Cape Verde,2024-01-23,Premium
C02774,Kelly,Moore,Iran,2023-12-04,Standard
C02775,Jeffrey,Sawyer,Paraguay,2024-01-05,Standard
C02776,Michael,Mcdonald,Martinique,2025-08-04,Standard
C02777,Daniel,White,Botswana,2025-04-20,Standard
C02778,Kayla,Gonzalez,Greenland,2023-11-21,Standard
C02779,Logan,Davies,Libyan Arab Jamahiriya,2024-07-08,Standard
C02780,Jacqueline,Alvarez,Fiji,2025-07-19,Standard
C02781,Benjamin,Moore,Latvia,2024-03-26,Standard
C02782,Danielle,Flores,Antigua and Barbuda,2026-03-03,Premium
C02783,Kim,Brown,Sri Lanka,2025-02-24,Business
C02784,Kristine,Irwin,Croatia,2023-11-05,Premium
C02785,Jason,Johnson,Senegal,2026-07-10,Premium
C02786,Rodney,King,Christmas Island,2023-12-20,Standard
C02787,Donald,Hill,Belgium,2024-11-18,Business
C02788,Morgan,Hayes,Italy,2025-11-05,Standard
C02789,Jason,Orozco,Colombia,2023-11-04,Business
C02790,Christopher,Valenzuela,Guam,2024-11-16,Business
C02791,Franklin,Bailey,Italy,2025-08-30,Premium
C02792,Thomas,Barker,Central African Republic,2026-07-30,Business
C02793,Samuel,Gaines,Montserrat,2025-04-08,Standard
C02794,Mackenzie,Hoffman,Uganda,2026-02-25,Standard
C02795,James,Sharp,Mozambique,2026-03-27,Standard
C02796,Duane,Beck,Swaziland,2024-12-16,Standard
C02797,Alexis,Mosley,Vietnam,2024-03-29,Standard
C02798,Victor,Stewart,Somalia,2026-06-24,Standard
C02799,Richard,Meyer,Afghanistan,2025-07-12,Business
C02800,Sherry,Mathews,North Macedonia,2025-07-11,Standard
C02801,Danielle,Lane,Argentina,2024-07-17,Premium
C02802,Julie,Lopez,Qatar,2025-12-08,Premium
C02803,Kim,Burke,Cuba,2025-02-03,Premium
C02804,Jason,Lee,Philippines,2026-01-25,Business
C02805,Stephanie,Wood,Haiti,2023-09-07,Standard
C02806,Kevin,Parker,Svalbard & Jan Mayen Islands,2024-02-22,Business
C02807,Holly,Banks,Korea,2025-05-17,Premium
C02808,Robert,Bell,Mauritius,2025-06-04,Standard
C02809,Alexandra,Hubbard,Brazil,2024-05-12,Standard
C02810,Stephen,Brooks,Micronesia,2026-02-22,Premium
C02811,Francisco,Graham,Finland,2026-06-02,Standard
C02812,Haley,Kim,Finland,2026-08-07,Standard
C02813,Christine,Buckley,Togo,2024-01-14,Standard
C02814,Wanda,Shaffer,Bosnia and Herzegovina,2023-12-30,Standard
C02815,Debra,Jensen,Isle of Man,2024-01-21,Standard
C02816,Tyler,Walton,Vanuatu,2025-12-06,Premium
C02817,Cory,Wallace,Mozambique,2023-10-02,Standard
C02818,Elizabeth,Christian,Croatia,2024-07-24,Standard
C02819,Kimberly,Arnold,Brazil,2024-06-11,Standard
C02820,Melissa,Sampson,Guernsey,2025-08-02,Standard
C02821,Robert,Hoover,Romania,2025-04-18,Premium
C02822,Adrian,Brooks,Czech Republic,2025-10-09,Standard
C02823,Justin,Hobbs,Estonia,2024-12-02,Standard
C02824,Mary,Pope,Israel,2026-06-23,Standard
C02825,John,Mccullough,Israel,2023-10-02,Standard
C02826,Alexis,Hernandez,Holy See (Vatican City State),2025-10-27,Premium
C02827,Lori,Greene,Grenada,2024-05-03,Premium
C02828,Susan,Haney,Dominican Republic,2025-12-23,Standard
C02829,Teresa,Lee,Norway,2025-04-14,Standard
C02830,Maria,Solis,Morocco,2025-06-09,Standard
C02831,David,Fields,Saint Lucia,2024-05-08,Standard
C02832,Richard,Flores,Cayman Islands,2025-06-22,Standard
C02833,Jerry,Mckinney,Brunei Darussalam,2025-10-04,Standard
C02834,David,Ray,India,2026-04-13,Standard
C02835,Sabrina,Hood,Cayman Islands,2024-12-25,Standard
C02836,James,Davis,Jordan,2023-08-30,Premium
C02837,Cristina,Watkins,Antarctica (the territory South of 60 deg S),2026-03-30,Business
C02838,Jasmine,Knapp,Belgium,2026-01-17,Standard
C02839,Patrick,Newton,Bulgaria,2025-07-17,Premium
C02840,Cynthia,Strickland,Colombia,2024-08-19,Standard
C02841,Denise,Walker,Congo,2025-11-21,Standard
C02842,Mary,Barber,Sri Lanka,2025-03-22,Premium
C02843,Kaylee,Hopkins,Falkland Islands (Malvinas),2023-12-19,Premium
C02844,Savannah,Burton,Northern Mariana Islands,2026-01-28,Business
C02845,Michelle,Rodriguez,Vanuatu,2026-02-23,Standard
C02846,David,Thomas,Estonia,2024-05-19,Standard
C02847,Christopher,Snyder,Guyana,2024-07-01,Premium
C02848,Peter,Henry,Angola,2025-05-16,Standard
C02849,Charles,Chung,Belarus,2024-07-04,Standard
C02850,Grace,Brooks,Germany,2026-04-23,Standard
C02851,Rebekah,Stokes,Cocos (Keeling) Islands,2024-11-19,Standard
C02852,Alejandro,White,Montenegro,2026-04-19,Standard
C02853,Catherine,Johnson,Guam,2025-02-01,Standard
C02854,Timothy,Mendez,Mayotte,2023-08-20,Premium
C02855,Eric,Harmon,Vanuatu,2024-02-17,Standard
C02856,James,Johnson,Angola,2025-10-25,Standard
C02857,William,Hernandez,Tonga,2025-03-01,Standard
C02858,Danny,Robinson,Greece,2024-03-15,Standard
C02859,Jeffrey,Luna,Wallis and Futuna,2024-02-25,Standard
C02860,Joseph,Olson,Zimbabwe,2024-01-02,Standard
C02861,Michael,Arnold,French Polynesia,2025-08-07,Premium
C02862,Julie,Simpson,Malaysia,2025-04-25,Standard
C02863,Sandra,Wright,Congo,2026-07-15,Business
C02864,Meghan,Love,India,2024-01-19,Standard
C02865,Brandy,Miranda,Georgia,2024-04-26,Standard
C02866,Laura,Mckay,Libyan Arab Jamahiriya,2025-06-16,Standard
C02867,Nicole,Henderson,San Marino,2024-10-08,Standard
C02868,Lisa,Dean,New Caledonia,2025-03-30,Premium
C02869,Ruben,Bradley,Holy See (Vatican City State),2026-04-21,Standard
C02870,Lori,Cole,Tuvalu,2023-10-04,Standard
C02871,Susan,King,Ireland,2024-11-10,Premium
C02872,Cassandra,Wiley,Zambia,2025-11-14,Premium
C02873,Michael,Johnson,Cocos (Keeling) Islands,2024-12-26,Premium
C02874,Ruben,Lopez,Ecuador,2023-12-03,Standard
C02875,Jason,Watson,Cameroon,2024-12-13,Premium
C02876,David,Flores,Algeria,2025-01-04,Standard
C02877,Jason,Bradley,Gibraltar,2024-08-08,Standard
C02878,Anna,Cruz,Netherlands,2024-07-07,Standard
C02879,Alison,Garcia,Fiji,2026-03-14,Standard
C02880,Sophia,Aguirre,Paraguay,2023-12-07,Standard
C02881,Audrey,Lucas,Pitcairn Islands,2025-06-19,Standard
C02882,Louis,Flores,Congo,2023-10-29,Premium
C02883,Leah,Jimenez,Falkland Islands (Malvinas),2025-05-28,Standard
C02884,David,Chavez,Netherlands Antilles,2025-01-01,Standard
C02885,Brittany,Young,Angola,2024-10-28,Standard
C02886,Andrew,Logan,Morocco,2023-08-20,Premium
C02887,Rhonda,Mitchell,Tajikistan,2025-04-29,Standard
C02888,Benjamin,Ferguson,Marshall Islands,2023-10-12,Standard
C02889,Matthew,Smith,Latvia,2024-01-07,Premium
C02890,Maria,Perry,Gabon,2024-10-12,Premium
C02891,Logan,Reed,Belgium,2025-12-24,Standard
C02892,Kim,Snyder,Australia,2025-04-15,Standard
C02893,Kenneth,Riggs,Lithuania,2026-05-04,Premium
C02894,Tammy,Martinez,Holy See (Vatican City State),2026-03-29,Standard
C02895,Curtis,Walker,Sweden,2023-08-29,Standard
C02896,Dominic,Holder,Tokelau,2026-07-16,Premium
C02897,Jennifer,Perez,Benin,2024-06-04,Standard
C02898,Jennifer,Burnett,Suriname,2025-11-25,Standard
C02899,Veronica,Villa,Trinidad and Tobago,2023-11-02,Standard
C02900,Jordan,Glover,Bouvet Island (Bouvetoya),2023-10-26,Standard
C02901,Stacey,Jones,Greenland,2026-07-16,Standard
C02902,Cheyenne,Burnett,Faroe Islands,2026-08-02,Premium
C02903,George,Taylor,Kuwait,2024-02-15,Standard
C02904,David,Atkins,Sao Tome and Principe,2026-02-05,Standard
C02905,Pamela,Church,Isle of Man,2026-04-28,Standard
C02906,Sean,Martinez,Marshall Islands,2024-08-20,Standard
C02907,Becky,Stanley,Fiji,2024-12-25,Business
C02908,Kendra,Webb,Bermuda,2024-09-25,Standard
C02909,Katie,Dawson,Guinea,2025-12-27,Standard
C02910,Mary,Sanchez,Oman,2024-06-27,Standard
C02911,Heather,Jones,Lithuania,2023-11-14,Standard
C02912,Jason,Santiago,Lao People's Democratic Republic,2025-04-02,Standard
C02913,Jacob,Garcia,Cote d'Ivoire,2026-02-15,Premium
C02914,Kathleen,Palmer,Germany,2024-12-09,Business
C02915,Jeanette,Rios,Thailand,2025-10-04,Standard
C02916,Daniel,Anderson,United States Virgin Islands,2025-02-27,Standard
C02917,Paul,Chavez,Niger,2025-10-18,Premium
C02918,James,Ross,Bangladesh,2024-10-17,Premium
C02919,Rodney,Parks,Zambia,2026-01-25,Standard
C02920,Deborah,Thomas,Turkey,2024-01-26,Standard
C02921,Julie,Allen,Uganda,2025-07-28,Standard
C02922,Jacob,Johnson,Panama,2025-11-14,Premium
C02923,Shawn,Baker,Vanuatu,2025-12-14,Premium
C02924,Christopher,Reynolds,Canada,2025-04-20,Standard
C02925,Wayne,Romero,Austria,2025-06-28,Standard
C02926,Joseph,Davis,Pakistan,2025-03-29,Premium
C02927,Jessica,Henderson,French Polynesia,2024-06-02,Premium
C02928,Richard,Wheeler,Marshall Islands,2026-03-13,Business
C02929,Tristan,Hamilton,Pitcairn Islands,2023-10-29,Premium
C02930,Debbie,Haley,Cyprus,2024-02-07,Standard
C02931,Brian,Johnson,Ethiopia,2024-08-17,Standard
C02932,Cameron,Garcia,Czech Republic,2026-04-02,Standard
C02933,Holly,Sullivan,India,2024-01-17,Standard
C02934,Jeffrey,Holloway,Puerto Rico,2024-10-02,Standard
C02935,Tyler,Jackson,Costa Rica,2025-02-03,Premium
C02936,Dana,Mccarthy,France,2023-08-17,Standard
C02937,Clinton,Gordon,Reunion,2026-04-05,Premium
C02938,Thomas,Torres,United States of America,2026-07-16,Standard
C02939,John,Edwards,Bangladesh,2024-04-27,Business
C02940,Jacob,Yoder,Cambodia,2023-09-01,Standard
C02941,Elizabeth,Patterson,Angola,2024-05-14,Standard
C02942,Terri,Ibarra,Chile,2026-07-03,Standard
C02943,Kathleen,Smith,Guinea,2025-08-18,Standard
C02944,Brandy,Freeman,Egypt,2025-08-16,Premium
C02945,Daniel,Fuentes,Montenegro,2026-07-04,Premium
C02946,Veronica,Conley,Malta,2025-10-02,Standard
C02947,Gary,Thomas,Bhutan,2024-01-15,Standard
C02948,Kevin,Fitzgerald,Korea,2025-09-13,Standard
C02949,Jessica,Fritz,Equatorial Guinea,2026-06-08,Standard
C02950,Tom,Diaz,American Samoa,2025-02-10,Premium
C02951,Kevin,Cook,Maldives,2026-06-09,Premium
C02952,Melody,Barrera,Nepal,2025-09-03,Standard
C02953,Daniel,Jennings,Saint Lucia,2026-05-02,Premium
C02954,Andrew,Irwin,Togo,2024-07-20,Standard
C02955,Donna,Thomas,Luxembourg,2023-09-30,Premium
C02956,John,Figueroa,Jersey,2025-02-21,Standard
C02957,Jamie,Davis,Uruguay,2025-03-21,Premium
C02958,Danielle,Sheppard,Turkey,2026-04-12,Premium
C02959,Erika,Nolan,Korea,2025-11-08,Standard
C02960,Gregory,Lozano,Guernsey,2025-01-08,Premium
C02961,Peter,Butler,Falkland Islands (Malvinas),2024-12-05,Standard
C02962,James,Riley,Reunion,2025-01-27,Standard
C02963,Mary,Martinez,South Africa,2025-07-19,Standard
C02964,Ashley,Sparks,Guatemala,2024-11-03,Business
C02965,Daniel,Smith,Vanuatu,2026-07-12,Premium
C02966,Dylan,Becker,Mali,2024-11-05,Premium
C02967,Cindy,Beck,Gabon,2025-09-07,Premium
C02968,Keith,Marsh,American Samoa,2025-07-18,Standard
C02969,Blake,Campbell,Nauru,2024-02-20,Premium
C02970,Brian,Torres,Jersey,2025-02-10,Standard
C02971,Donna,Smith,El Salvador,2024-03-13,Standard
C02972,Michael,Campbell,Togo,2025-09-30,Standard
C02973,Elizabeth,Mack,Cape Verde,2023-12-24,Premium
C02974,Jennifer,Thomas,Saint Martin,2024-06-13,Premium
C02975,Ryan,Hull,French Guiana,2024-07-17,Standard
C02976,Antonio,Fitzpatrick,Egypt,2026-07-02,Standard
C02977,Dana,Henderson,United Kingdom,2024-01-12,Premium
C02978,Patricia,Mora,Nepal,2024-12-07,Standard
C02979,Glen,Graham,Turkey,2024-12-25,Premium
C02980,Linda,Taylor,Seychelles,2024-06-17,Business
C02981,John,Butler,Cook Islands,2024-11-22,Standard
C02982,Kevin,Evans,Vanuatu,2026-04-15,Standard
C02983,Steven,White,Slovenia,2025-06-21,Premium
C02984,Cody,Rose,Puerto Rico,2024-12-11,Premium
C02985,William,Jennings,Guinea-Bissau,2025-08-09,Standard
C02986,Michael,Owens,Isle of Man,2025-07-29,Business
C02987,Anthony,Hansen,Seychelles,2025-05-27,Standard
C02988,Christopher,Taylor,United States of America,2024-11-24,Standard
C02989,Kristin,Carpenter,Holy See (Vatican City State),2024-02-26,Premium
C02990,Christine,Yoder,Turkey,2024-11-10,Premium
C02991,Brian,Bruce,Brunei Darussalam,2025-04-29,Standard
C02992,Elizabeth,Ford,Serbia,2025-10-25,Premium
C02993,Steve,Brown,Azerbaijan,2024-10-05,Standard
C02994,Maria,Santos,Grenada,2026-02-21,Standard
C02995,Connor,Roberts,Liberia,2026-07-20,Standard
C02996,Mark,Brown,Saint Vincent and the Grenadines,2026-02-06,Premium
C02997,Emily,Stevenson,Austria,2026-08-06,Standard
C02998,Jamie,Thomas,Saint Vincent and the Grenadines,2025-09-20,Standard
C02999,Derek,Jacobson,Northern Mariana Islands,2024-04-09,Standard
C03000,Kevin,Collins,Vietnam,2023-08-23,Premium
C03001,Linda,Hanson,Cook Islands,2024-02-07,Standard
C03002,Carlos,Hernandez,Turkmenistan,2024-02-17,Premium
C03003,April,Wright,Bosnia and Herzegovina,2025-08-17,Standard
C03004,Angel,Wagner,India,2023-11-07,Standard
C03005,Sara,Evans,Liberia,2024-05-24,Standard
C03006,Lori,Skinner,Mayotte,2024-09-20,Premium
C03007,Lorraine,Maldonado,Togo,2026-05-31,Premium
C03008,Christina,Reynolds,North Macedonia,2023-09-15,Standard
C03009,Jack,Cardenas,Palestinian Territory,2024-08-20,Standard
C03010,George,Harmon,Mayotte,2024-06-19,Standard
C03011,Thomas,Roberts,Papua New Guinea,2024-01-15,Standard
C03012,Susan,Vasquez,Papua New Guinea,2024-10-13,Standard
C03013,Peter,Wolfe,Botswana,2025-08-02,Standard
C03014,Robert,Coleman,Antarctica (the territory South of 60 deg S),2024-10-26,Standard
C03015,Stephen,Elliott,Algeria,2026-01-30,Standard
C03016,Kevin,Brewer,Uganda,2026-05-29,Standard
C03017,Christine,Williams,United States of America,2025-02-14,Premium
C03018,Sydney,Mcdonald,Saint Kitts and Nevis,2025-07-25,Standard
C03019,Joshua,Holden,Guinea-Bissau,2025-09-28,Standard
C03020,Melissa,Gordon,Guernsey,2025-11-05,Premium
C03021,Peter,Brown,Palau,2024-04-04,Standard
C03022,Michael,Ball,Guadeloupe,2025-07-26,Standard
C03023,Jennifer,Buchanan,Fiji,2026-05-31,Standard
C03024,Kevin,Long,United States Virgin Islands,2026-05-11,Standard
C03025,Timothy,Estes,New Caledonia,2026-06-01,Standard
C03026,Henry,Erickson,Madagascar,2026-06-01,Standard
C03027,Alicia,Anderson,Gibraltar,2026-02-12,Premium
C03028,Stephanie,Bailey,Niger,2025-05-01,Standard
C03029,Carlos,Johnson,Saint Martin,2024-04-16,Standard
C03030,Jesse,Ortega,Luxembourg,2026-07-03,Standard
C03031,Thomas,Wolf,Sierra Leone,2024-08-14,Standard
C03032,Daniel,Gilmore,Saint Lucia,2025-03-31,Standard
C03033,Katelyn,Fisher,Bahrain,2023-11-17,Premium
C03034,Cheryl,Wilson,Tanzania,2023-12-04,Standard
C03035,Scott,Brooks,Norfolk Island,2023-09-27,Standard
C03036,Sandra,Morris,Qatar,2025-07-11,Standard
C03037,Nicholas,Zhang,Montserrat,2025-12-24,Standard
C03038,James,King,Kazakhstan,2026-07-02,Business
C03039,Justin,Harris,Central African Republic,2025-06-17,Standard
C03040,Lisa,Stokes,Congo,2023-12-24,Standard
C03041,Brandi,Soto,Paraguay,2024-01-09,Standard
C03042,James,Patrick,Uganda,2023-08-21,Business
C03043,Michael,Russell,Mayotte,2023-12-02,Standard
C03044,Matthew,Fleming,United States Minor Outlying Islands,2026-05-06,Standard
C03045,Allison,Lee,Cote d'Ivoire,2026-01-15,Premium
C03046,Maria,Mason,Guinea-Bissau,2026-03-30,Premium
C03047,Rachel,Castaneda,Spain,2023-11-25,Standard
C03048,Scott,Garrett,Tunisia,2023-12-01,Standard
C03049,Ashley,Martinez,Maldives,2024-11-18,Standard
C03050,Craig,Jimenez,Austria,2026-03-04,Standard
C03051,Amber,Johnson,Swaziland,2024-11-05,Standard
C03052,Sandra,King,Romania,2025-02-18,Standard
C03053,Carlos,Savage,France,2023-12-07,Standard
C03054,Amanda,Allen,Maldives,2026-03-19,Standard
C03055,Vincent,Ross,Azerbaijan,2025-12-08,Standard
C03056,Heidi,Rodriguez,Latvia,2024-09-24,Business
C03057,Denise,Johnson,Italy,2024-09-21,Standard
C03058,James,Barron,Bahamas,2024-03-16,Standard
C03059,James,Montoya,Greenland,2026-06-08,Standard
C03060,Rita,Brown,Lithuania,2023-12-04,Business
C03061,Linda,Elliott,New Zealand,2026-08-09,Standard
C03062,Mary,Aguirre,Guatemala,2023-11-30,Standard
C03063,Stephanie,George,New Zealand,2023-12-16,Standard
C03064,Paige,Mendoza,Bulgaria,2024-10-06,Standard
C03065,Jennifer,Garcia,Luxembourg,2025-10-09,Standard
C03066,Jeffrey,Bell,Lesotho,2024-11-26,Standard
C03067,Kimberly,Walter,Denmark,2023-09-15,Standard
C03068,Sarah,Johnson,Slovenia,2024-06-12,Business
C03069,Amanda,Dalton,Pitcairn Islands,2026-07-09,Standard
C03070,Joann,Tran,Austria,2025-04-05,Standard
C03071,Katie,Dominguez,Jersey,2026-08-06,Premium
C03072,Ronald,Taylor,Kazakhstan,2024-02-12,Standard
C03073,Penny,Haas,Heard Island and McDonald Islands,2025-02-09,Standard
C03074,James,Kim,Azerbaijan,2024-08-16,Standard
C03075,Jesse,Chapman,Denmark,2025-05-15,Standard
C03076,Julie,Beasley,South Africa,2025-11-22,Premium
C03077,Ashley,Ritter,American Samoa,2024-09-04,Premium
C03078,Lisa,Jones,Brunei Darussalam,2025-06-24,Standard
C03079,Henry,Williams,Guernsey,2026-03-05,Standard
C03080,Diana,Sanchez,French Guiana,2024-03-01,Premium
C03081,Catherine,Mendoza,British Virgin Islands,2026-05-28,Premium
C03082,Chase,Wright,Mayotte,2024-06-27,Premium
C03083,Troy,Moss,Guinea-Bissau,2024-07-20,Standard
C03084,Scott,Turner,Haiti,2025-12-16,Standard
C03085,Kelly,Valdez,Malta,2024-10-01,Premium
C03086,Luis,Weaver,Bosnia and Herzegovina,2023-11-04,Standard
C03087,Michael,Jenkins,Zambia,2026-04-05,Standard
C03088,Todd,Miller,United States Minor Outlying Islands,2024-03-13,Standard
C03089,Maureen,Meyer,Gambia,2025-12-19,Standard
C03090,Jason,Watson,Suriname,2024-03-20,Standard
C03091,Barry,Young,Kazakhstan,2026-05-18,Standard
C03092,Kathryn,Benton,Angola,2025-09-26,Business
C03093,Mary,Nelson,Namibia,2025-03-31,Standard
C03094,Kevin,Hanna,Bahamas,2024-10-19,Premium
C03095,Melissa,Cruz,Andorra,2025-03-29,Standard
C03096,Patrick,Williams,Costa Rica,2025-03-24,Standard
C03097,Jack,Jordan,Austria,2026-06-03,Business
C03098,Kevin,Weaver,Guernsey,2023-09-22,Standard
C03099,Renee,Webster,Guadeloupe,2024-09-23,Standard
C03100,Lisa,Garza,Saudi Arabia,2023-09-24,Standard
C03101,Matthew,Calderon,Jordan,2025-06-07,Standard
C03102,Kimberly,Mcfarland,Sao Tome and Principe,2023-11-09,Premium
C03103,Lindsay,Tran,Zambia,2026-07-01,Premium
C03104,Karl,Ritter,Martinique,2025-08-02,Standard
C03105,Rodney,Ball,Seychelles,2025-10-27,Standard
C03106,Jordan,Horne,Lao People's Democratic Republic,2024-08-17,Standard
C03107,David,Smith,South Georgia and the South Sandwich Islands,2026-07-08,Premium
C03108,Stephanie,Miller,Egypt,2025-12-03,Standard
C03109,Kenneth,Duncan,Argentina,2026-03-26,Standard
C03110,Joshua,Adams,El Salvador,2026-05-23,Standard
C03111,Lisa,Franklin,British Virgin Islands,2024-12-01,Standard
C03112,Ashley,Morris,Estonia,2024-05-16,Standard
C03113,Scott,Smith,Algeria,2025-08-06,Premium
C03114,Benjamin,Howard,Northern Mariana Islands,2025-12-24,Standard
C03115,Jeffery,Brown,Wallis and Futuna,2023-12-14,Standard
C03116,Joshua,Bishop,Germany,2023-11-20,Premium
C03117,Scott,Scott,Solomon Islands,2024-10-14,Premium
C03118,Jordan,Simpson,Denmark,2026-04-18,Standard
C03119,Greg,Pitts,Palau,2023-10-29,Standard
C03120,Jesse,Pena,Colombia,2026-07-11,Standard
C03121,William,Alexander,Ghana,2023-10-17,Standard
C03122,Angela,Perez,Zambia,2024-09-18,Standard
C03123,Theresa,Smith,Tanzania,2025-02-11,Standard
C03124,Amber,Williams,Dominica,2025-02-06,Standard
C03125,Daniel,Hunter,Bouvet Island (Bouvetoya),2025-10-14,Premium
C03126,Chris,Harris,Montserrat,2025-03-11,Standard
C03127,Maria,Becker,Barbados,2026-05-06,Standard
C03128,Ronald,Campbell,Anguilla,2025-01-01,Standard
C03129,Catherine,Ward,Ireland,2026-05-21,Business
C03130,Nicholas,Dunlap,French Polynesia,2026-04-05,Premium
C03131,Anthony,Richardson,French Guiana,2024-04-02,Premium
C03132,Rhonda,Johnson,New Caledonia,2024-07-06,Premium
C03133,Lindsey,Dixon,Slovakia (Slovak Republic),2025-10-10,Premium
C03134,Krista,Marquez,Wallis and Futuna,2024-07-11,Standard
C03135,Nicholas,Aguilar,Palestinian Territory,2024-04-02,Standard
C03136,Patrick,Cuevas,Belgium,2023-12-11,Standard
C03137,Susan,Gay,Mongolia,2025-10-03,Premium
C03138,Whitney,Mccoy,Saint Martin,2025-05-23,Premium
C03139,Amber,Martinez,Turkey,2025-11-09,Standard
C03140,Lauren,Lawson,Palestinian Territory,2025-11-04,Standard
C03141,Abigail,Stewart,Congo,2026-01-22,Standard
C03142,Kelly,Sanchez,Ecuador,2025-02-25,Premium
C03143,Jerry,Edwards,Brazil,2026-07-24,Standard
C03144,John,Oconnor,Turkmenistan,2025-05-10,Standard
C03145,Michael,Bell,Madagascar,2023-12-09,Standard
C03146,Robin,Valdez,Netherlands,2024-08-04,Standard
C03147,Shane,Barnes,Montenegro,2024-02-23,Premium
C03148,Sara,Sanchez,United States of America,2025-05-07,Standard
C03149,Emily,Wade,New Caledonia,2024-09-20,Premium
C03150,Laura,Peterson,British Indian Ocean Territory (Chagos Archipelago),2023-12-17,Standard
C03151,Ricky,Wagner,Cameroon,2026-01-23,Standard
C03152,Troy,Keith,Congo,2024-05-18,Standard
C03153,Nancy,Smith,British Indian Ocean Territory (Chagos Archipelago),2025-05-24,Premium
C03154,Jose,Spencer,Venezuela,2025-08-11,Standard
C03155,Julia,Martinez,Antigua and Barbuda,2025-06-13,Standard
C03156,Andrew,Jackson,Barbados,2024-03-05,Standard
C03157,Zachary,Moreno,Iceland,2025-05-30,Premium
C03158,Michael,Morales,Moldova,2024-08-22,Standard
C03159,Jennifer,Wilson,Ukraine,2025-01-16,Premium
C03160,Brittany,Jensen,Saint Helena,2023-10-22,Standard
C03161,Charles,Mccall,Zambia,2025-07-10,Standard
C03162,Renee,Mccoy,Saint Vincent and the Grenadines,2025-06-19,Standard
C03163,Keith,Woods,Burkina Faso,2024-05-23,Standard
C03164,Jennifer,Lawrence,Svalbard & Jan Mayen Islands,2025-10-12,Standard
C03165,Christopher,Huang,Nauru,2026-02-19,Standard
C03166,Mitchell,Banks,Hong Kong,2024-12-22,Standard
C03167,Samuel,Romero,Namibia,2024-10-19,Premium
C03168,Shirley,Davis,French Southern Territories,2025-09-17,Standard
C03169,Matthew,Elliott,Ukraine,2025-11-05,Premium
C03170,Bethany,Anthony,Japan,2024-10-29,Standard
C03171,Marcus,Flores,Christmas Island,2024-03-22,Standard
C03172,Bobby,Landry,Turkmenistan,2024-07-05,Standard
C03173,Russell,Ramirez,Turkmenistan,2026-03-26,Standard
C03174,Leonard,Reed,Chad,2024-02-13,Standard
C03175,Keith,Tucker,Czech Republic,2024-05-02,Standard
C03176,Keith,Hardin,New Caledonia,2024-01-24,Standard
C03177,Sandra,Estrada,Cambodia,2024-01-09,Standard
C03178,Jamie,Roberson,Saudi Arabia,2024-05-01,Premium
C03179,Anthony,Orr,Uganda,2025-11-28,Premium
C03180,Amanda,Lee,Liechtenstein,2023-09-22,Standard
C03181,Mike,Campbell,Yemen,2026-01-16,Standard
C03182,Ronald,Wallace,Brunei Darussalam,2025-07-18,Standard
C03183,Kenneth,Rodriguez,Romania,2024-02-15,Standard
C03184,Sean,Reynolds,Estonia,2023-12-25,Standard
C03185,Michelle,Kaiser,Saint Martin,2026-06-16,Standard
C03186,Darren,Gomez,Belgium,2024-07-23,Standard
C03187,Jessica,Murphy,Madagascar,2025-01-14,Standard
C03188,Joshua,Mccoy,Malaysia,2026-06-22,Standard
C03189,Kimberly,Mann,Germany,2023-10-11,Premium
C03190,Ryan,Randolph,South Africa,2025-10-30,Premium
C03191,Lonnie,Skinner,Panama,2026-04-11,Standard
C03192,Austin,Walters,Algeria,2024-08-29,Premium
C03193,Derrick,Bennett,Western Sahara,2024-07-20,Business
C03194,Emily,Baker,Canada,2025-09-03,Standard
C03195,Lisa,Gross,Finland,2024-03-04,Standard
C03196,James,Liu,Zambia,2025-10-23,Standard
C03197,Mercedes,Curry,Afghanistan,2025-06-17,Premium
C03198,Carlos,Grant,Cote d'Ivoire,2024-05-15,Premium
C03199,Benjamin,Watts,Nicaragua,2025-03-25,Standard
C03200,Crystal,Young,Guernsey,2025-09-03,Standard
C03201,Alyssa,Best,Turkey,2024-11-21,Standard
C03202,Mary,Golden,Paraguay,2025-09-04,Standard
C03203,Tracy,Mccoy,Netherlands Antilles,2025-02-17,Standard
C03204,Amy,Phillips,Cyprus,2024-02-03,Premium
C03205,Sydney,Prince,Serbia,2024-11-01,Standard
C03206,Robert,West,Egypt,2026-06-07,Premium
C03207,Roger,Thompson,Zimbabwe,2024-12-20,Premium
C03208,Donna,Bailey,Indonesia,2026-08-11,Premium
C03209,David,Khan,Tajikistan,2025-09-10,Standard
C03210,Carolyn,Mcdaniel,Antarctica (the territory South of 60 deg S),2024-11-06,Standard
C03211,Joseph,Lewis,Thailand,2025-05-09,Standard
C03212,Bruce,Ingram,Eritrea,2026-06-26,Standard
C03213,Louis,Myers,Kenya,2025-06-03,Standard
C03214,Raymond,Gaines,Ethiopia,2025-09-05,Standard
C03215,Jessica,Morgan,Svalbard & Jan Mayen Islands,2023-10-22,Standard
C03216,Kyle,Ortiz,Montserrat,2024-04-27,Standard
C03217,Amanda,Chan,Bouvet Island (Bouvetoya),2026-03-22,Standard
C03218,Cheryl,Anderson,Mauritius,2023-09-12,Standard
C03219,Stephanie,Smith,Hong Kong,2023-12-31,Premium
C03220,Kimberly,Cook,Guinea,2025-12-18,Premium
C03221,Bryan,Williams,Cote d'Ivoire,2025-02-25,Standard
C03222,Amanda,Galloway,Taiwan,2025-11-22,Standard
C03223,Randall,Robbins,French Guiana,2024-04-19,Standard
C03224,Renee,Rivera,Cuba,2025-12-18,Standard
C03225,Jessica,Case,Argentina,2023-09-13,Standard
C03226,Kari,Rose,Macao,2025-04-22,Premium
C03227,Lacey,Williams,Finland,2024-11-23,Standard
C03228,Andrew,Welch,Portugal,2024-08-31,Standard
C03229,Arthur,Brady,Suriname,2025-03-21,Standard
C03230,Diana,Anderson,Saint Vincent and the Grenadines,2024-10-05,Standard
C03231,Michelle,Jones,Madagascar,2026-08-09,Standard
C03232,Kathryn,Perry,American Samoa,2025-12-01,Standard
C03233,Cassidy,Hernandez,Saint Pierre and Miquelon,2026-02-11,Standard
C03234,Laura,Lee,New Caledonia,2024-12-09,Standard
C03235,Kristen,Coleman,Samoa,2023-09-18,Standard
C03236,Kevin,Stevens,Bolivia,2024-09-26,Standard
C03237,Tanya,Johnston,Honduras,2024-11-07,Standard
C03238,Russell,Walker,Ireland,2025-12-31,Business
C03239,Joshua,Mitchell,Reunion,2025-11-18,Standard
C03240,William,Reyes,Luxembourg,2025-04-15,Standard
C03241,Stephanie,Farmer,Rwanda,2024-01-28,Standard
C03242,Shaun,Lane,Anguilla,2025-04-21,Standard
C03243,Kellie,West,Lesotho,2026-01-03,Standard
C03244,Daniel,Collins,Cambodia,2026-04-17,Standard
C03245,Theresa,Davis,Chile,2024-06-30,Premium
C03246,Michelle,Burns,Egypt,2023-12-21,Standard
C03247,Donald,Jensen,Lebanon,2025-11-03,Standard
C03248,Jennifer,Knight,Djibouti,2023-11-12,Standard
C03249,Katrina,King,Georgia,2025-01-18,Premium
C03250,Mary,Johnson,Portugal,2026-01-07,Standard
C03251,Carol,Savage,Ethiopia,2026-07-20,Standard
C03252,Jason,Hart,Liechtenstein,2025-12-07,Standard
C03253,Vincent,Chung,Dominica,2024-12-24,Standard
C03254,Steven,Webb,Moldova,2023-12-17,Standard
C03255,Samantha,Simmons,Belarus,2025-03-18,Standard
C03256,David,Smith,Mali,2024-02-17,Standard
C03257,Gabriel,Kim,Brazil,2023-10-12,Standard
C03258,Nicole,Simpson,Niue,2025-11-04,Standard
C03259,Tony,Curry,Mexico,2025-05-23,Standard
C03260,Reginald,Phillips,Jordan,2024-11-12,Premium
C03261,Jennifer,Beard,Faroe Islands,2025-11-01,Standard
C03262,Marcus,Preston,Mongolia,2026-05-19,Standard
C03263,Gabriel,Roberts,Poland,2024-06-25,Standard
C03264,Leah,Crane,Holy See (Vatican City State),2025-10-27,Standard
C03265,Cassandra,Kennedy,Cote d'Ivoire,2025-01-06,Premium
C03266,Sara,Cortez,Timor-Leste,2024-03-10,Standard
C03267,Frank,Espinoza,Lebanon,2023-08-28,Standard
C03268,Louis,White,Latvia,2023-11-25,Standard
C03269,Victoria,Smith,Reunion,2024-05-30,Standard
C03270,James,Davis,Kuwait,2025-01-08,Standard
C03271,Cody,Weber,Nepal,2024-04-12,Standard
C03272,Carl,Fields,Turks and Caicos Islands,2024-07-29,Standard
C03273,Michael,Smith,Congo,2024-10-12,Premium
C03274,Justin,Buck,Japan,2026-02-05,Standard
C03275,Jessica,Richardson,Seychelles,2025-04-30,Premium
C03276,Sarah,Hoffman,Norway,2026-06-02,Premium
C03277,James,Watkins,Bosnia and Herzegovina,2024-07-14,Premium
C03278,Joshua,Baker,Bosnia and Herzegovina,2024-02-25,Standard
C03279,Laura,Matthews,Seychelles,2025-03-29,Standard
C03280,Mark,Ingram,Nauru,2026-03-09,Premium
C03281,Joshua,Aguirre,Tunisia,2026-03-26,Standard
C03282,Elizabeth,Kennedy,Chile,2023-08-17,Standard
C03283,Krista,Hays,Bermuda,2026-03-25,Premium
C03284,Dwayne,Martin,Tunisia,2023-08-13,Premium
C03285,Marcus,Huang,Austria,2024-03-12,Standard
C03286,William,Gonzales,Papua New Guinea,2025-08-14,Standard
C03287,Mark,Mason,British Indian Ocean Territory (Chagos Archipelago),2024-08-21,Standard
C03288,Ann,Bennett,Hungary,2025-08-19,Premium
C03289,Michael,Roberson,Ghana,2025-11-14,Premium
C03290,Christian,Jacobs,Croatia,2024-04-27,Standard
C03291,Sonia,Bass,Rwanda,2024-03-21,Standard
C03292,Mary,Castro,Liechtenstein,2026-07-27,Premium
C03293,Kristina,Jennings,Moldova,2025-06-19,Standard
C03294,Denise,Thompson,Tonga,2025-03-03,Standard
C03295,Melissa,Townsend,Guatemala,2025-06-01,Business
C03296,Jason,Castro,Uruguay,2024-06-04,Standard
C03297,Patrick,White,San Marino,2023-08-29,Standard
C03298,James,Ward,Congo,2023-08-21,Standard
C03299,Brenda,Murphy,United States Minor Outlying Islands,2025-03-08,Standard
C03300,Ruth,Shaw,American Samoa,2026-03-12,Premium
C03301,Joshua,Holland,Norway,2025-08-25,Standard
C03302,Raymond,Forbes,Romania,2024-09-09,Business
C03303,Joshua,Brown,Montserrat,2023-09-29,Standard
C03304,Michelle,Pennington,New Caledonia,2026-04-21,Standard
C03305,Shawn,Thompson,San Marino,2026-05-14,Standard
C03306,Karen,Aguirre,Argentina,2025-03-09,Standard
C03307,Anthony,Shannon,Cape Verde,2024-05-13,Standard
C03308,Monica,Anderson,Italy,2024-02-14,Standard
C03309,Brian,Walsh,Bahamas,2024-12-13,Standard
C03310,Connor,Stephens,Timor-Leste,2024-06-09,Standard
C03311,Diana,Mclaughlin,Grenada,2026-06-21,Premium
C03312,Melanie,Stewart,Russian Federation,2024-05-01,Standard
C03313,Rebecca,Matthews,Western Sahara,2025-03-03,Premium
C03314,Zachary,Shepard,Iraq,2025-05-20,Standard
C03315,Mary,Caldwell,Bahrain,2024-06-07,Standard
C03316,Mandy,Mason,Saint Lucia,2024-09-30,Standard
C03317,Christopher,Ramos,Falkland Islands (Malvinas),2026-03-15,Standard
C03318,James,Wagner,China,2026-04-25,Standard
C03319,Julie,Massey,Afghanistan,2024-12-08,Premium
C03320,Joshua,Bell,Guam,2025-08-06,Premium
C03321,Ashley,Horton,Mongolia,2025-08-01,Standard
C03322,Christopher,Hardin,Cocos (Keeling) Islands,2023-12-25,Standard
C03323,Jacob,Garza,Angola,2024-05-02,Premium
C03324,Kristina,Robinson,Holy See (Vatican City State),2025-07-28,Standard
C03325,Christopher,Ramsey,Egypt,2024-12-03,Premium
C03326,Mary,May,United Arab Emirates,2024-06-04,Premium
C03327,Julie,Rojas,Georgia,2023-11-03,Premium
C03328,Nicolas,Mitchell,Fiji,2024-03-18,Standard
C03329,Annette,Gutierrez,Syrian Arab Republic,2024-05-31,Standard
C03330,Joshua,Gonzalez,French Polynesia,2024-09-18,Standard
C03331,Heidi,Baker,Liechtenstein,2025-02-14,Standard
C03332,Beth,Bailey,Norway,2025-11-02,Premium
C03333,Shannon,Welch,Switzerland,2024-05-03,Standard
C03334,Benjamin,Davenport,Hungary,2024-04-10,Standard
C03335,Amanda,Clark,Reunion,2025-06-16,Premium
C03336,Michael,Cochran,South Africa,2024-11-03,Premium
C03337,Jared,Lyons,Macao,2025-12-16,Premium
C03338,Maria,Bauer,Bermuda,2025-10-18,Premium
C03339,Kiara,Scott,Lao People's Democratic Republic,2024-09-21,Standard
C03340,Anthony,Wilson,Palestinian Territory,2026-04-19,Standard
C03341,Jacob,Taylor,Namibia,2024-12-26,Premium
C03342,Nathan,Gray,Namibia,2023-10-04,Standard
C03343,Marcus,Garcia,Guinea-Bissau,2023-08-25,Standard
C03344,Erik,Alvarez,Guadeloupe,2026-05-15,Standard
C03345,Rebecca,Lopez,Guinea-Bissau,2024-11-30,Standard
C03346,Francisco,Payne,Sao Tome and Principe,2023-09-15,Premium
C03347,Scott,Jensen,Nauru,2026-01-23,Standard
C03348,Heather,Simon,Lebanon,2024-08-25,Standard
C03349,Johnny,Brooks,Guadeloupe,2025-08-31,Standard
C03350,Erika,Evans,Vanuatu,2024-08-10,Standard
C03351,Kathryn,Santana,Madagascar,2024-01-27,Standard
C03352,Robert,Schroeder,Zimbabwe,2026-01-26,Standard
C03353,Richard,Johnson,Malaysia,2024-04-27,Premium
C03354,Sandra,Tanner,Qatar,2025-11-04,Standard
C03355,James,Compton,Sao Tome and Principe,2024-03-16,Standard
C03356,David,Cook,Austria,2023-12-31,Standard
C03357,Kyle,Cannon,Spain,2025-01-31,Standard
C03358,Stephen,Martin,Afghanistan,2026-06-01,Standard
C03359,Dylan,Andrade,Gabon,2024-12-02,Premium
C03360,Christopher,Young,Costa Rica,2025-06-21,Standard
C03361,Christopher,Sanchez,Poland,2025-12-22,Premium
C03362,Megan,Brooks,Lesotho,2024-04-16,Standard
C03363,Melvin,Ruiz,Poland,2025-04-16,Standard
C03364,Holly,Durham,Paraguay,2025-03-19,Standard
C03365,Marie,Mccarthy,Serbia,2024-01-08,Premium
C03366,Paul,Flores,Vietnam,2024-03-07,Standard
C03367,Ricardo,Murphy,Finland,2026-06-26,Standard
C03368,Jessica,Coleman,India,2025-11-19,Standard
C03369,Charles,Freeman,Saint Vincent and the Grenadines,2026-02-08,Standard
C03370,Anthony,Blackwell,Christmas Island,2024-08-12,Standard
C03371,Mike,Morgan,Swaziland,2023-08-15,Standard
C03372,Cheryl,Walton,United States Virgin Islands,2023-12-11,Standard
C03373,Debbie,Taylor,Comoros,2023-10-20,Standard
C03374,Jason,Graham,Guadeloupe,2025-03-31,Standard
C03375,Destiny,Simmons,Finland,2024-12-08,Premium
C03376,Paul,Nicholson,Antigua and Barbuda,2024-09-21,Premium
C03377,Susan,Fisher,Central African Republic,2025-04-22,Premium
C03378,Faith,Flowers,Lao People's Democratic Republic,2023-12-19,Standard
C03379,Michael,Oconnor,Palau,2025-05-02,Standard
C03380,Linda,Smith,Ghana,2024-02-28,Standard
C03381,Autumn,Cruz,Korea,2023-08-31,Standard
C03382,Todd,Choi,Iran,2025-05-30,Standard
C03383,Kelsey,Turner,Eritrea,2026-04-24,Standard
C03384,Darren,Roman,United States of America,2025-07-12,Standard
C03385,Wayne,Norman,Rwanda,2025-01-14,Standard
C03386,Megan,Bonilla,Bouvet Island (Bouvetoya),2024-05-16,Premium
C03387,Tina,Schmidt,Hungary,2026-06-26,Standard
C03388,Christopher,Smith,Yemen,2026-02-14,Standard
C03389,Jonathan,Robertson,Nicaragua,2025-07-19,Standard
C03390,Ryan,Marshall,Armenia,2024-02-17,Standard
C03391,Miranda,Stevens,Australia,2026-03-01,Standard
C03392,Gina,King,Guadeloupe,2026-06-26,Premium
C03393,Kenneth,Fuentes,Mauritius,2024-10-01,Premium
C03394,Guy,Kelly,Andorra,2025-07-07,Standard
C03395,Mark,Fields,Nepal,2024-02-02,Premium
C03396,Michael,Johnson,Saint Vincent and the Grenadines,2025-04-19,Business
C03397,John,Miller,Bhutan,2024-02-24,Premium
C03398,Jessica,Schultz,Jersey,2024-10-12,Premium
C03399,Michael,Ellis,Niger,2024-08-26,Standard
C03400,Samantha,Berger,Venezuela,2025-11-03,Standard
C03401,Ashley,Williams,Greece,2025-03-14,Standard
C03402,Benjamin,Lynch,Saint Kitts and Nevis,2026-04-29,Standard
C03403,Lisa,Garcia,Malaysia,2023-12-13,Business
C03404,Matthew,Walsh,Gabon,2025-05-30,Standard
C03405,Richard,White,San Marino,2024-09-15,Premium
C03406,Jennifer,Newton,Belgium,2025-06-16,Premium
C03407,Tammy,Leon,Montserrat,2024-09-21,Premium
C03408,Wanda,Gilbert,Mauritius,2024-08-25,Business
C03409,Heather,Williams,Montserrat,2025-08-16,Standard
C03410,Jason,Walls,Falkland Islands (Malvinas),2026-07-18,Standard
C03411,Kimberly,Hill,Paraguay,2023-10-23,Standard
C03412,Cassandra,Browning,Philippines,2024-10-28,Standard
C03413,Joseph,Russell,Andorra,2025-05-17,Standard
C03414,Diane,Hill,Kyrgyz Republic,2026-02-28,Standard
C03415,Kristy,Reid,Bhutan,2024-07-21,Premium
C03416,Jeffrey,Fletcher,Cyprus,2023-11-19,Standard
C03417,Cheryl,Chandler,New Caledonia,2025-07-28,Standard
C03418,Brianna,Walters,Greenland,2025-12-01,Standard
C03419,Paul,Spears,American Samoa,2025-01-26,Standard
C03420,Matthew,Reed,Kenya,2024-04-04,Standard
C03421,Steven,Newton,Cote d'Ivoire,2025-11-16,Premium
C03422,Heidi,Chambers,Equatorial Guinea,2025-04-29,Standard
C03423,Antonio,Phelps,Belgium,2026-04-19,Premium
C03424,Tommy,Mercer,Belize,2024-06-30,Standard
C03425,Julie,Moreno,Gabon,2024-11-08,Premium
C03426,Karen,Hayes,Lao People's Democratic Republic,2023-09-27,Standard
C03427,Eric,Richards,Nigeria,2025-02-09,Standard
C03428,Annette,Perry,Serbia,2023-09-18,Standard
C03429,Karen,Campbell,Samoa,2025-09-13,Premium
C03430,Veronica,Brooks,Mauritania,2024-03-04,Standard
C03431,Nicholas,Rush,British Virgin Islands,2024-01-10,Standard
C03432,Randy,Lewis,Bouvet Island (Bouvetoya),2026-01-15,Business
C03433,Keith,Hancock,Seychelles,2025-04-27,Premium
C03434,Andrea,Bell,Cuba,2025-05-23,Standard
C03435,Rachel,Ramirez,Sierra Leone,2025-02-27,Premium
C03436,Crystal,Beck,Poland,2026-04-22,Standard
C03437,Kathleen,Stewart,Mauritania,2025-11-17,Standard
C03438,Philip,Trevino,Lithuania,2025-08-02,Standard
C03439,Justin,Middleton,Cayman Islands,2024-05-14,Premium
C03440,Ricardo,Smith,Switzerland,2025-01-12,Premium
C03441,Kathryn,Douglas,Pitcairn Islands,2024-01-12,Standard
C03442,Patrick,Delgado,Italy,2025-05-11,Standard
C03443,Jacob,Johnson,Czech Republic,2024-03-15,Standard
C03444,Chelsea,Gordon,Belgium,2026-03-01,Business
C03445,Ashley,Ortiz,Angola,2024-12-29,Business
C03446,Chelsea,Jackson,Niue,2025-08-15,Standard
C03447,Gabrielle,Crane,Angola,2026-03-04,Premium
C03448,Nicole,Valdez,Micronesia,2025-10-15,Premium
C03449,Michelle,Jefferson,Central African Republic,2025-07-24,Standard
C03450,Miguel,Baxter,China,2025-08-15,Standard
C03451,Sharon,Morse,Gibraltar,2024-03-06,Standard
C03452,Kelly,Kline,Costa Rica,2026-01-26,Standard
C03453,Steven,Sanchez,Netherlands,2025-07-02,Standard
C03454,Veronica,Robles,Kyrgyz Republic,2025-09-28,Standard
C03455,Danielle,Lara,Taiwan,2025-01-08,Premium
C03456,Monica,Stout,Ecuador,2025-07-31,Standard
C03457,Jennifer,Jones,San Marino,2023-10-02,Standard
C03458,Evelyn,Russell,Mali,2025-08-12,Standard
C03459,Michelle,Jones,Israel,2024-09-19,Standard
C03460,Nicole,Medina,Saint Barthelemy,2026-03-12,Standard
C03461,Deborah,Ferguson,Anguilla,2025-06-24,Standard
C03462,Timothy,Barber,French Guiana,2025-04-22,Standard
C03463,Maria,Hardy,Armenia,2025-02-27,Standard
C03464,Reginald,Ho,Norfolk Island,2026-05-18,Standard
C03465,Scott,Cobb,Bosnia and Herzegovina,2024-03-26,Standard
C03466,Melanie,Chang,Mozambique,2024-02-02,Premium
C03467,Jennifer,Richardson,Palestinian Territory,2025-01-21,Standard
C03468,Donald,Sanchez,Liberia,2024-07-04,Standard
C03469,Joseph,Rivera,Puerto Rico,2023-12-06,Premium
C03470,Stephen,Fletcher,Sao Tome and Principe,2024-08-27,Standard
C03471,Katherine,Peterson,Portugal,2025-07-03,Standard
C03472,Mark,Cole,Eritrea,2026-01-11,Premium
C03473,Joshua,Johnson,Burundi,2024-03-29,Standard
C03474,Aimee,Johnson,Turkmenistan,2025-03-11,Standard
C03475,Anna,Reeves,Gambia,2024-04-14,Premium
C03476,Ashley,Torres,Rwanda,2025-06-26,Premium
C03477,Emily,Moore,Sri Lanka,2026-07-27,Business
C03478,David,Lawson,Togo,2025-03-31,Standard
C03479,Jonathan,Perez,Thailand,2024-07-06,Standard
C03480,Brandy,Hernandez,American Samoa,2024-09-18,Standard
C03481,Michael,Romero,Trinidad and Tobago,2025-10-23,Standard
C03482,Richard,Montgomery,Chile,2025-01-28,Standard
C03483,Dawn,Matthews,Macao,2024-12-13,Standard
C03484,Alexandra,Gray,Vanuatu,2025-09-04,Premium
C03485,Deborah,Harrell,Liberia,2024-05-11,Standard
C03486,Timothy,James,Paraguay,2023-11-21,Standard
C03487,Matthew,Parker,Czech Republic,2024-04-02,Standard
C03488,Joshua,Strickland,Somalia,2024-02-14,Standard
C03489,Debra,Kelly,Kuwait,2026-01-13,Standard
C03490,Roberta,Escobar,Tajikistan,2025-11-04,Standard
C03491,Rachael,Figueroa,Haiti,2026-06-09,Standard
C03492,Antonio,Sims,Zambia,2025-01-05,Standard
C03493,William,Nelson,Martinique,2025-11-25,Premium
C03494,Monique,Waller,Azerbaijan,2025-07-06,Premium
C03495,Ashley,Wright,Equatorial Guinea,2024-05-22,Standard
C03496,Hannah,Curtis,Ecuador,2024-08-01,Standard
C03497,Hannah,Bryant,Armenia,2026-03-16,Premium
C03498,Joseph,Ramirez,Samoa,2024-06-03,Premium
C03499,Jessica,Lowery,United Kingdom,2024-03-05,Standard
C03500,Alexandra,Brown,Denmark,2024-08-25,Premium
C03501,Brenda,Perkins,Kyrgyz Republic,2024-01-12,Standard
C03502,Amanda,Harrington,Ghana,2026-04-23,Premium
C03503,Charles,Mendoza,Kenya,2023-12-20,Business
C03504,Thomas,Garcia,Namibia,2024-07-11,Standard
C03505,Carmen,Evans,Algeria,2026-02-01,Premium
C03506,Russell,Stein,Saint Helena,2025-06-30,Standard
C03507,Kimberly,Lee,Sri Lanka,2026-04-25,Business
C03508,Christina,Bryant,Afghanistan,2024-09-07,Standard
C03509,Karen,Guzman,Lithuania,2026-04-19,Premium
C03510,Gregory,Hunter,Malaysia,2024-10-26,Standard
C03511,Stephanie,Evans,Trinidad and Tobago,2025-11-16,Standard
C03512,John,Hill,Monaco,2025-10-02,Standard
C03513,Kyle,Alexander,Saudi Arabia,2024-05-22,Business
C03514,Tony,Flores,Malawi,2025-08-12,Premium
C03515,Tyler,White,Senegal,2025-06-14,Premium
C03516,Emily,Davis,Tokelau,2025-07-01,Premium
C03517,Matthew,Mcdaniel,Swaziland,2024-05-22,Standard
C03518,James,Rodriguez,Djibouti,2024-07-09,Standard
C03519,Kyle,Torres,Seychelles,2025-11-13,Standard
C03520,Thomas,Cohen,Vanuatu,2026-03-16,Standard
C03521,Jason,Powers,Gibraltar,2024-04-11,Standard
C03522,James,Foster,Chile,2024-04-14,Standard
C03523,Chelsea,Moore,Zimbabwe,2025-10-23,Standard
C03524,Tina,Valdez,Solomon Islands,2025-05-21,Standard
C03525,Kimberly,Adams,Venezuela,2024-09-24,Standard
C03526,Thomas,Chase,Gabon,2025-03-11,Standard
C03527,Dustin,Cook,Guinea,2024-12-14,Business
C03528,Shannon,Coleman,India,2025-05-21,Premium
C03529,Adam,Case,Azerbaijan,2025-05-09,Business
C03530,Michael,Trujillo,Korea,2024-10-11,Standard
C03531,Andrew,Bush,Cote d'Ivoire,2026-06-06,Standard
C03532,Jennifer,Phillips,Holy See (Vatican City State),2023-09-18,Premium
C03533,Marc,Gibbs,Greece,2025-12-26,Standard
C03534,Ann,Gonzalez,Cuba,2026-03-29,Standard
C03535,Wesley,Gates,Botswana,2023-12-06,Standard
C03536,John,Nguyen,Lesotho,2026-02-19,Standard
C03537,Terry,Maddox,Aruba,2026-06-02,Standard
C03538,Peter,Moyer,Romania,2025-09-07,Standard
C03539,John,Benitez,Namibia,2025-03-17,Standard
C03540,Brian,Brown,Guam,2024-10-14,Standard
C03541,Amanda,Kim,Finland,2024-02-01,Standard
C03542,Thomas,Gilmore,Barbados,2024-12-29,Premium
C03543,Tiffany,Oconnor,Sweden,2024-04-04,Standard
C03544,Morgan,Lawrence,Montserrat,2024-06-18,Standard
C03545,Anna,Gonzales,Greece,2026-01-18,Premium
C03546,Amy,Guerrero,Moldova,2025-11-14,Standard
C03547,Lisa,Norris,Burundi,2023-11-26,Standard
C03548,Monica,Lyons,Saint Vincent and the Grenadines,2024-12-12,Standard
C03549,Susan,Ward,Sierra Leone,2025-07-05,Standard
C03550,Julie,Lewis,Gibraltar,2025-08-09,Standard
C03551,Jeremy,Cox,Congo,2026-06-30,Premium
C03552,Teresa,Green,Netherlands,2023-09-17,Standard
C03553,Donald,May,Japan,2025-04-19,Standard
C03554,Linda,Yates,Switzerland,2025-11-10,Standard
C03555,Brian,Mayo,Holy See (Vatican City State),2023-09-07,Standard
C03556,Ariel,Forbes,Madagascar,2025-01-02,Standard
C03557,Kristy,Vasquez,Morocco,2025-01-12,Standard
C03558,Cynthia,Navarro,Mongolia,2024-01-03,Standard
C03559,Terri,Norman,Martinique,2024-04-14,Standard
C03560,Lauren,Mathis,Benin,2026-01-20,Standard
C03561,Sandra,Bishop,Comoros,2023-12-04,Standard
C03562,Katie,Jordan,Falkland Islands (Malvinas),2025-08-05,Premium
C03563,Shannon,Gilmore,Saint Vincent and the Grenadines,2024-04-05,Standard
C03564,Debra,Jones,Oman,2026-01-22,Standard
C03565,Matthew,Rose,Puerto Rico,2025-06-14,Standard
C03566,Pamela,Morales,French Polynesia,2023-08-22,Premium
C03567,Cindy,Price,Algeria,2024-07-27,Standard
C03568,Marcus,Hernandez,Togo,2024-07-24,Standard
C03569,Breanna,Saunders,Martinique,2025-07-24,Premium
C03570,Desiree,Gonzalez,Swaziland,2026-01-21,Premium
C03571,Sara,Barry,Saint Barthelemy,2026-01-25,Standard
C03572,Elijah,Mejia,Costa Rica,2024-12-04,Standard
C03573,Hunter,Johnson,Netherlands,2023-10-13,Premium
C03574,Kimberly,Fernandez,Zimbabwe,2023-11-28,Business
C03575,Mark,Stewart,Denmark,2026-05-31,Premium
C03576,Jason,Turner,Jamaica,2024-10-07,Standard
C03577,Jesse,Gillespie,Sierra Leone,2025-02-15,Standard
C03578,Anthony,Rich,Western Sahara,2025-06-25,Standard
C03579,David,Gould,Anguilla,2025-07-02,Premium
C03580,Mikayla,Dickerson,Cote d'Ivoire,2025-03-25,Standard
C03581,Brandon,Gonzales,Congo,2024-06-27,Standard
C03582,Kelli,Lawrence,British Virgin Islands,2024-01-04,Premium
C03583,Tanya,Hunter,Mozambique,2025-10-23,Standard
C03584,David,Sherman,British Indian Ocean Territory (Chagos Archipelago),2025-09-10,Premium
C03585,Joy,Howard,Ghana,2025-05-18,Standard
C03586,James,Galloway,South Georgia and the South Sandwich Islands,2025-10-08,Standard
C03587,Michael,Scott,Bouvet Island (Bouvetoya),2025-07-22,Standard
C03588,Allen,James,Italy,2025-04-25,Premium
C03589,Suzanne,Garcia,Guyana,2024-12-06,Standard
C03590,Mary,Hamilton,Thailand,2026-05-21,Standard
C03591,Kevin,Key,Belize,2026-05-19,Business
C03592,Dawn,Price,Latvia,2023-09-06,Standard
C03593,Stephanie,Hill,Oman,2024-12-27,Standard
C03594,Brandon,Boone,Christmas Island,2026-01-06,Standard
C03595,Albert,Stone,Burundi,2026-07-27,Standard
C03596,Terry,Williams,Nepal,2024-07-03,Standard
C03597,Michelle,Guerrero,Holy See (Vatican City State),2026-03-29,Standard
C03598,Robert,Moore,China,2024-05-10,Standard
C03599,Sharon,Sanford,Saint Vincent and the Grenadines,2026-06-16,Standard
C03600,Hunter,Koch,Bouvet Island (Bouvetoya),2024-04-21,Standard
C03601,Anthony,Harris,Iraq,2026-04-10,Standard
C03602,Nathaniel,Skinner,Nigeria,2024-12-23,Standard
C03603,Anthony,Johnson,Antarctica (the territory South of 60 deg S),2025-08-12,Standard
C03604,Austin,Wiggins,United States Minor Outlying Islands,2025-05-07,Standard
C03605,Brandon,Bennett,Netherlands Antilles,2025-11-05,Standard
C03606,Geoffrey,Garcia,Guernsey,2024-07-23,Standard
C03607,Christopher,Mcneil,Bouvet Island (Bouvetoya),2025-08-20,Premium
C03608,Steven,Perry,Ukraine,2025-11-23,Standard
C03609,Scott,Vincent,Sudan,2026-04-28,Premium
C03610,Aaron,Alvarez,United Arab Emirates,2024-09-15,Business
C03611,David,Douglas,Haiti,2026-03-23,Standard
C03612,Elizabeth,Davis,Lithuania,2026-01-16,Standard
C03613,James,Robinson,Bulgaria,2024-03-21,Standard
C03614,Jeremiah,Miller,Bhutan,2025-05-01,Premium
C03615,Justin,Gilbert,Egypt,2024-07-29,Standard
C03616,John,Blair,Gabon,2025-01-04,Standard
C03617,Jennifer,Murray,Nauru,2025-10-28,Standard
C03618,Zachary,Huerta,Ethiopia,2024-03-04,Premium
C03619,Mark,Brooks,Cameroon,2026-01-29,Premium
C03620,Jill,Rosales,San Marino,2025-04-02,Standard
C03621,Crystal,Bauer,Cocos (Keeling) Islands,2023-09-04,Standard
C03622,Douglas,Johnson,South Africa,2024-08-16,Standard
C03623,Fernando,Morris,Montserrat,2025-08-28,Standard
C03624,Timothy,Cooper,Niue,2026-01-25,Premium
C03625,Richard,Haney,Korea,2026-04-04,Standard
C03626,Jose,Gonzales,Samoa,2024-10-19,Standard
C03627,Diana,Robertson,Guadeloupe,2025-01-17,Standard
C03628,Wendy,Lopez,Guam,2025-09-08,Premium
C03629,Kelsey,Bryant,Bhutan,2026-06-15,Premium
C03630,Melissa,Hines,Estonia,2023-11-19,Standard
C03631,Kimberly,Simmons,Anguilla,2025-12-04,Premium
C03632,David,Perez,Kuwait,2024-02-01,Standard
C03633,David,Marquez,Brunei Darussalam,2025-02-03,Standard
C03634,Kurt,Graham,Wallis and Futuna,2023-12-19,Standard
C03635,Tammy,Bonilla,Cocos (Keeling) Islands,2025-04-21,Standard
C03636,Lori,Blackwell,Malawi,2024-06-10,Standard
C03637,Donald,Becker,Singapore,2023-09-07,Premium
C03638,James,Garner,Malta,2026-03-03,Standard
C03639,Kimberly,Hart,Marshall Islands,2025-11-05,Standard
C03640,Brandon,Patel,Mauritius,2024-08-04,Standard
C03641,Heather,Osborn,Chad,2025-03-16,Standard
C03642,Erik,Becker,North Macedonia,2026-04-24,Premium
C03643,Michele,Perez,Venezuela,2024-04-05,Standard
C03644,Amber,Friedman,Jamaica,2024-06-22,Standard
C03645,Joshua,Haley,Yemen,2025-04-26,Premium
C03646,Kenneth,Santana,Italy,2025-08-22,Standard
C03647,Taylor,Taylor,Wallis and Futuna,2024-11-21,Standard
C03648,Aaron,King,Moldova,2026-06-15,Standard
C03649,Larry,Leblanc,New Zealand,2026-02-20,Standard
C03650,Susan,Brown,Isle of Man,2024-03-17,Business
C03651,Douglas,Carson,Serbia,2024-08-23,Premium
C03652,Peter,Moore,Italy,2025-04-11,Standard
C03653,Brittany,Wright,Guernsey,2023-11-30,Premium
C03654,Jeremy,Rush,Burundi,2025-04-27,Standard
C03655,David,Singh,Western Sahara,2026-06-22,Standard
C03656,Edwin,Ramos,Peru,2024-10-13,Standard
C03657,Kathleen,Smith,British Indian Ocean Territory (Chagos Archipelago),2025-10-29,Standard
C03658,Larry,Garcia,Niue,2026-02-27,Standard
C03659,Thomas,Guerrero,French Southern Territories,2024-02-22,Standard
C03660,Amber,Bishop,Cape Verde,2023-11-30,Premium
C03661,Nicole,Webster,Saint Helena,2025-01-24,Standard
C03662,Nancy,Herring,Armenia,2025-03-27,Standard
C03663,Mary,Scott,Niue,2025-08-06,Standard
C03664,Ronald,Jackson,Russian Federation,2026-07-22,Standard
C03665,Michelle,Freeman,French Guiana,2024-07-26,Standard
C03666,Alexandra,Davis,Saint Martin,2026-03-07,Standard
C03667,Susan,Grimes,Dominican Republic,2026-06-10,Premium
C03668,Troy,Miles,Jersey,2025-05-29,Standard
C03669,Brian,Garcia,Sierra Leone,2024-10-21,Standard
C03670,Megan,Oconnor,United Kingdom,2024-09-06,Standard
C03671,Danielle,Murphy,Papua New Guinea,2024-09-06,Standard
C03672,Tonya,Miller,Bolivia,2025-09-05,Standard
C03673,John,Simpson,Nauru,2025-06-16,Premium
C03674,Elizabeth,Garcia,Slovakia (Slovak Republic),2025-09-08,Standard
C03675,Ann,Monroe,Honduras,2026-03-12,Standard
C03676,April,Schaefer,Hong Kong,2023-10-17,Standard
C03677,Carolyn,Garza,South Africa,2026-05-07,Standard
C03678,Stephanie,Johnston,British Indian Ocean Territory (Chagos Archipelago),2024-08-17,Standard
C03679,Michael,Chambers,United Kingdom,2026-03-07,Premium
C03680,Robert,Long,Samoa,2023-10-13,Standard
C03681,Michael,French,Timor-Leste,2025-07-28,Premium
C03682,Ashley,Mills,Wallis and Futuna,2025-04-23,Standard
C03683,Lisa,Fuller,Slovakia (Slovak Republic),2025-06-13,Premium
C03684,Elizabeth,Johnson,Montenegro,2024-05-19,Standard
C03685,Andrew,Bautista,Bolivia,2024-11-09,Standard
C03686,Samantha,Pham,Saint Lucia,2025-07-22,Standard
C03687,Melissa,King,Svalbard & Jan Mayen Islands,2026-07-09,Premium
C03688,Maurice,Beltran,Egypt,2024-10-15,Standard
C03689,Sean,Williams,Kuwait,2026-08-03,Standard
C03690,Vicki,Baker,South Africa,2024-04-18,Standard
C03691,Jason,Townsend,Mexico,2026-05-16,Premium
C03692,Marc,Morales,Guernsey,2024-05-06,Standard
C03693,Megan,Gates,Grenada,2025-02-09,Premium
C03694,Christina,Singh,Taiwan,2024-07-31,Standard
C03695,Leslie,Torres,United States Virgin Islands,2023-12-31,Standard
C03696,Danielle,Edwards,Luxembourg,2026-05-02,Standard
C03697,Jacob,Reyes,Estonia,2025-09-05,Business
C03698,Michael,Shaffer,Ukraine,2025-02-24,Standard
C03699,Kari,Chung,Gibraltar,2023-09-06,Premium
C03700,Daniel,Perkins,United States of America,2025-10-07,Standard
C03701,Isabella,Castro,Saudi Arabia,2025-12-29,Standard
C03702,Amanda,Sanders,Qatar,2023-12-08,Standard
C03703,James,Davis,Netherlands Antilles,2026-06-08,Standard
C03704,Richard,Baker,Saint Barthelemy,2025-01-22,Premium
C03705,Amanda,Sanders,Uruguay,2025-04-02,Premium
C03706,Dale,Blanchard,Suriname,2024-11-11,Premium
C03707,Christina,Arellano,Gibraltar,2024-07-27,Premium
C03708,Scott,Williams,Mexico,2024-04-09,Standard
C03709,Elizabeth,Hill,Lithuania,2024-07-26,Standard
C03710,Martha,Lucero,Ecuador,2024-07-28,Business
C03711,Scott,Cain,Cameroon,2023-09-01,Standard
C03712,Kenneth,Oconnell,Togo,2026-03-21,Premium
C03713,Timothy,Gonzales,Moldova,2025-12-16,Premium
C03714,Yesenia,Lee,Colombia,2025-10-26,Standard
C03715,Beverly,Burton,Tuvalu,2025-04-05,Business
C03716,Julie,Mann,Haiti,2024-09-25,Standard
C03717,Ryan,Diaz,Uzbekistan,2024-08-11,Standard
C03718,Luke,Kelly,Puerto Rico,2024-03-08,Standard
C03719,Marc,Carey,Reunion,2024-08-30,Standard
C03720,Laura,Riley,Bhutan,2025-10-09,Standard
C03721,Jeanette,Nichols,Bosnia and Herzegovina,2026-03-08,Standard
C03722,Jeremy,Bailey,Reunion,2026-05-10,Premium
C03723,Tiffany,Nicholson,Czech Republic,2025-08-04,Premium
C03724,Joseph,Copeland,Kuwait,2026-03-31,Standard
C03725,Samuel,Garza,Bahrain,2024-05-05,Standard
C03726,Andrew,West,Pakistan,2023-11-10,Premium
C03727,Paula,Woods,Romania,2024-03-29,Standard
C03728,Bryce,Gomez,Zimbabwe,2024-10-14,Standard
C03729,Ashley,Valentine,Saint Lucia,2023-09-24,Standard
C03730,Jennifer,Henry,Romania,2024-03-07,Standard
C03731,Valerie,Lewis,Korea,2024-12-06,Standard
C03732,Amanda,Leonard,Greenland,2024-08-08,Business
C03733,Ashley,Liu,Yemen,2025-05-06,Standard
C03734,Douglas,Ryan,Pitcairn Islands,2026-02-09,Standard
C03735,Leonard,Smith,New Zealand,2023-11-03,Standard
C03736,Jennifer,Howard,British Indian Ocean Territory (Chagos Archipelago),2023-12-01,Standard
C03737,Christina,Moreno,Saint Lucia,2024-04-19,Standard
C03738,Jessica,Wright,Netherlands Antilles,2024-05-17,Premium
C03739,Mary,Johnson,Vanuatu,2025-09-19,Premium
C03740,Jessica,Rivera,Bhutan,2025-04-30,Standard
C03741,Audrey,Rush,Iceland,2025-05-07,Premium
C03742,Patrick,Wells,Tanzania,2025-01-27,Premium
C03743,Isaac,Collins,Christmas Island,2025-06-11,Premium
C03744,Natasha,Porter,Colombia,2024-09-20,Standard
C03745,Richard,Perez,Oman,2026-04-22,Standard
C03746,Christopher,Hayes,Bhutan,2025-11-03,Standard
C03747,Jonathan,Suarez,Bahamas,2025-12-25,Standard
C03748,Brian,Brooks,Chile,2023-08-15,Standard
C03749,Tamara,Rice,Albania,2025-01-01,Standard
C03750,Paul,Johnson,United Kingdom,2026-01-11,Premium
C03751,Anna,Villarreal,Zimbabwe,2024-05-06,Premium
C03752,Jacob,Oliver,Cocos (Keeling) Islands,2025-11-21,Premium
C03753,Jeffery,Reed,Tunisia,2026-07-09,Standard
C03754,Rita,Greene,Montserrat,2024-05-13,Standard
C03755,Patricia,Mccarthy,Turkmenistan,2024-05-14,Standard
C03756,William,Olsen,Kenya,2023-09-29,Standard
C03757,Christy,Mcconnell,Tuvalu,2024-02-15,Standard
C03758,Lindsay,Collins,French Guiana,2024-01-27,Standard
C03759,Michael,White,Maldives,2024-04-29,Standard
C03760,Rachel,Jimenez,Netherlands,2024-04-10,Premium
C03761,Wendy,Mora,Wallis and Futuna,2025-07-19,Standard
C03762,Sarah,Kelley,Iceland,2025-07-08,Premium
C03763,Sherry,Barnett,Bahrain,2025-01-19,Standard
C03764,John,Thomas,Svalbard & Jan Mayen Islands,2025-09-13,Standard
C03765,Jacob,Powell,Guinea-Bissau,2023-11-12,Standard
C03766,Sabrina,Morse,Sudan,2026-06-02,Standard
C03767,Jasmine,Combs,Bolivia,2025-10-28,Standard
C03768,Christopher,Pena,United States Minor Outlying Islands,2025-11-09,Standard
C03769,Anna,Park,Mali,2025-04-16,Standard
C03770,Katherine,Day,Finland,2024-12-22,Standard
C03771,Derek,Gallagher,French Guiana,2026-04-11,Standard
C03772,Ronald,Graham,Belize,2025-09-12,Premium
C03773,Andrew,Garcia,Monaco,2025-09-03,Standard
C03774,Chelsea,Torres,Solomon Islands,2024-11-01,Premium
C03775,Kelli,Hale,Marshall Islands,2023-10-16,Standard
C03776,Jacob,Davis,Uganda,2026-02-10,Premium
C03777,Julie,Duncan,China,2026-05-04,Premium
C03778,Lee,Williams,Antarctica (the territory South of 60 deg S),2023-10-25,Standard
C03779,Tammy,Cruz,Guinea,2025-11-25,Standard
C03780,Brian,Bryan,Tunisia,2025-06-16,Premium
C03781,Joanna,Warren,Christmas Island,2025-10-11,Standard
C03782,Nathan,Lyons,United States Minor Outlying Islands,2024-07-11,Standard
C03783,Corey,Dodson,Uganda,2024-07-22,Standard
C03784,Jennifer,Jones,Costa Rica,2025-09-20,Premium
C03785,Jamie,Bowman,American Samoa,2023-10-22,Premium
C03786,Sandra,Harris,Portugal,2024-02-09,Standard
C03787,Sandra,Smith,Dominican Republic,2026-06-02,Standard
C03788,Lisa,Guerra,Christmas Island,2025-04-09,Standard
C03789,Margaret,Watson,Taiwan,2025-04-28,Standard
C03790,Bradley,Thomas,Egypt,2026-04-04,Business
C03791,Elizabeth,Macias,Jamaica,2026-07-04,Standard
C03792,Ashley,Shields,Niue,2024-12-06,Standard
C03793,Jamie,Johns,Saint Pierre and Miquelon,2024-10-09,Standard
C03794,Robert,Smith,Swaziland,2025-05-16,Premium
C03795,Nicholas,Kirby,Comoros,2025-09-09,Standard
C03796,Jon,Smith,Puerto Rico,2025-04-18,Standard
C03797,Bobby,Wang,Brunei Darussalam,2026-06-07,Standard
C03798,Hannah,Jones,Brazil,2024-02-08,Standard
C03799,Erik,Moody,Bangladesh,2024-05-23,Standard
C03800,Amanda,Jackson,Saint Vincent and the Grenadines,2024-09-14,Standard
C03801,Stephanie,Espinoza,Puerto Rico,2025-04-22,Standard
C03802,Justin,Mitchell,Togo,2026-01-14,Premium
C03803,Jose,Juarez,Indonesia,2024-06-21,Premium
C03804,Stephanie,Peters,Luxembourg,2024-06-19,Business
C03805,David,Cowan,Latvia,2025-08-25,Standard
C03806,Daniel,Perez,Syrian Arab Republic,2025-04-06,Business
C03807,Jack,Farmer,Sri Lanka,2023-11-25,Standard
C03808,John,Gilbert,Kazakhstan,2024-03-21,Standard
C03809,Scott,Hammond,Panama,2025-10-03,Standard
C03810,Katie,Lopez,Cote d'Ivoire,2024-12-18,Standard
C03811,Bradley,Smith,Cape Verde,2025-01-24,Standard
C03812,Michele,King,China,2025-02-06,Standard
C03813,Steven,Valenzuela,Azerbaijan,2025-04-11,Standard
C03814,Norman,Arroyo,Madagascar,2023-11-19,Standard
C03815,Jeffrey,Burton,Grenada,2026-05-31,Standard
C03816,Jennifer,Johnson,Kazakhstan,2023-11-28,Standard
C03817,Megan,Guzman,France,2025-12-25,Standard
C03818,Evan,Payne,Ghana,2023-11-09,Premium
C03819,Daniel,Brown,Maldives,2025-11-19,Premium
C03820,Andre,Le,Saint Kitts and Nevis,2024-12-24,Standard
C03821,Mitchell,Thomas,Bosnia and Herzegovina,2026-07-11,Standard
C03822,Jesus,James,Mongolia,2023-11-11,Standard
C03823,Lisa,Mack,British Indian Ocean Territory (Chagos Archipelago),2024-07-26,Premium
C03824,Kathleen,Johnson,Mayotte,2023-12-05,Standard
C03825,Andrew,Holloway,Lebanon,2026-01-16,Standard
C03826,Deanna,Campbell,Nicaragua,2025-04-04,Standard
C03827,Shannon,Adkins,Pitcairn Islands,2025-09-13,Standard
C03828,Cheyenne,Reed,North Macedonia,2025-07-19,Standard
C03829,Timothy,Roach,Korea,2025-11-23,Premium
C03830,Natasha,Walker,France,2026-04-28,Standard
C03831,Jessica,Mccarty,Iceland,2024-09-15,Standard
C03832,Nicole,Richardson,Angola,2025-06-13,Premium
C03833,Linda,Thomas,Kuwait,2025-05-11,Premium
C03834,Jennifer,Weaver,Denmark,2025-04-28,Standard
C03835,David,Sims,Cote d'Ivoire,2025-05-04,Standard
C03836,Robert,Butler,Saint Martin,2025-07-15,Standard
C03837,Scott,Price,Haiti,2025-01-18,Premium
C03838,Mark,Ross,Saint Kitts and Nevis,2025-11-13,Standard
C03839,Jamie,Robinson,Comoros,2026-01-11,Premium
C03840,James,Russo,Palestinian Territory,2026-03-31,Standard
C03841,Michael,Ford,Tokelau,2025-05-08,Standard
C03842,Nicholas,Parker,India,2024-03-19,Standard
C03843,Theodore,Daniels,Korea,2024-11-21,Standard
C03844,Rebecca,Sosa,Trinidad and Tobago,2026-04-07,Standard
C03845,Robert,Gonzalez,Guadeloupe,2025-12-17,Standard
C03846,Pamela,Keller,Vietnam,2025-10-24,Standard
C03847,Ryan,Hahn,Anguilla,2026-07-26,Business
C03848,Jamie,Bradley,China,2024-10-10,Standard
C03849,Tonya,Becker,Seychelles,2024-04-11,Premium
C03850,Danielle,Andrews,Spain,2024-06-15,Standard
C03851,Edward,Stewart,Ecuador,2024-03-02,Standard
C03852,Kathryn,Tucker,New Zealand,2026-03-21,Standard
C03853,Alyssa,Fuller,Argentina,2026-06-28,Standard
C03854,Colton,Jones,Angola,2023-08-26,Premium
C03855,Samantha,Booth,Greenland,2023-12-30,Standard
C03856,Lawrence,Winters,Cook Islands,2024-04-02,Standard
C03857,Susan,Parker,Bahrain,2025-02-26,Standard
C03858,Cindy,Stewart,United Kingdom,2025-07-06,Standard
C03859,Thomas,Padilla,French Guiana,2024-11-26,Standard
C03860,Craig,Hoffman,United Arab Emirates,2024-04-05,Premium
C03861,Frank,Wilson,United States Minor Outlying Islands,2026-03-30,Premium
C03862,Robert,Hoffman,Niue,2025-08-11,Standard
C03863,Holly,Campbell,Thailand,2024-09-03,Standard
C03864,Theresa,Beck,Cameroon,2025-07-04,Standard
C03865,Colton,Williams,Turkmenistan,2025-03-26,Standard
C03866,Thomas,Woods,Seychelles,2023-09-12,Standard
C03867,Brenda,Huerta,Guyana,2025-06-27,Standard
C03868,Brenda,White,Uganda,2023-09-12,Standard
C03869,Tara,Potts,Montenegro,2025-01-28,Standard
C03870,Nicole,Huerta,Turks and Caicos Islands,2025-03-09,Standard
C03871,Casey,Taylor,French Southern Territories,2026-06-30,Standard
C03872,Phillip,Hernandez,Vietnam,2026-06-17,Standard
C03873,James,Walters,French Guiana,2023-12-20,Standard
C03874,Michael,Terrell,Lithuania,2023-09-06,Premium
C03875,Christy,Garza,Chile,2025-03-02,Standard
C03876,Melissa,Lee,Fiji,2025-10-29,Standard
C03877,Rebecca,Johnson,Ghana,2024-04-28,Standard
C03878,Brett,Allen,Gambia,2024-09-24,Premium
C03879,Shane,Hamilton,Armenia,2024-10-09,Standard
C03880,Karen,Wolf,Kuwait,2026-06-02,Standard
C03881,Christopher,Arnold,Bulgaria,2026-04-08,Standard
C03882,Alex,Berry,Gabon,2025-03-26,Premium
C03883,James,Harrison,Iceland,2023-10-07,Business
C03884,Heather,Nelson,Honduras,2025-01-15,Standard
C03885,Michael,Hunt,Slovenia,2025-06-02,Premium
C03886,Richard,Peterson,Western Sahara,2025-01-31,Premium
C03887,Jennifer,Tran,Liechtenstein,2024-10-23,Premium
C03888,Joseph,Gentry,Uruguay,2026-06-21,Standard
C03889,Christopher,Wade,Ghana,2025-10-11,Standard
C03890,Paula,Johnson,Brunei Darussalam,2024-01-26,Standard
C03891,John,Thompson,Bahrain,2024-04-08,Premium
C03892,Ashley,Young,Benin,2023-12-08,Standard
C03893,Alec,Smith,Sri Lanka,2025-01-23,Standard
C03894,Molly,Williamson,Cape Verde,2026-02-03,Standard
C03895,Connie,Savage,Kuwait,2026-04-19,Premium
C03896,Morgan,Hartman,Botswana,2026-03-21,Premium
C03897,David,Padilla,Cook Islands,2023-12-17,Standard
C03898,Jacob,Higgins,Bermuda,2023-08-18,Premium
C03899,Ryan,Jennings,Cote d'Ivoire,2023-10-29,Standard
C03900,Jennifer,Hughes,Niue,2025-11-12,Premium
C03901,James,Roth,Russian Federation,2025-09-20,Standard
C03902,Catherine,Lopez,France,2026-06-28,Standard
C03903,Brittany,Valencia,Kenya,2024-05-26,Premium
C03904,William,Miller,Congo,2024-09-24,Standard
C03905,Douglas,Weaver,Comoros,2026-08-04,Premium
C03906,David,Gill,Comoros,2024-05-29,Standard
C03907,Melinda,Avila,Denmark,2024-04-21,Standard
C03908,Ralph,Huff,French Polynesia,2026-03-04,Standard
C03909,Robert,Davidson,Cuba,2025-06-05,Standard
C03910,John,Cooper,Dominican Republic,2025-11-14,Standard
C03911,Adrian,Zamora,Pitcairn Islands,2024-09-06,Standard
C03912,Juan,Martin,Bahamas,2023-11-18,Standard
C03913,Troy,Orr,Bahamas,2026-04-01,Standard
C03914,Katelyn,Jordan,Peru,2025-07-05,Business
C03915,Alexander,Garner,Benin,2024-12-19,Business
C03916,Brianna,Hendricks,Guyana,2026-08-01,Standard
C03917,Erin,Gregory,Bahrain,2026-01-13,Premium
C03918,Jose,Franco,Korea,2025-02-19,Standard
C03919,Judy,Castillo,Luxembourg,2024-11-21,Standard
C03920,Kathryn,Edwards,Samoa,2024-06-03,Premium
C03921,Jeremy,Jackson,Portugal,2025-02-11,Premium
C03922,Robert,Hobbs,Greece,2025-04-30,Standard
C03923,Steven,Nolan,Korea,2024-04-06,Premium
C03924,Douglas,Christensen,Italy,2023-09-20,Standard
C03925,Morgan,Kramer,Hong Kong,2026-04-21,Business
C03926,Edward,Diaz,Jordan,2026-06-06,Standard
C03927,Rebecca,Hernandez,Yemen,2024-05-24,Standard
C03928,Jay,Smith,Latvia,2024-04-01,Standard
C03929,Joseph,Gonzalez,Luxembourg,2025-04-13,Standard
C03930,Eric,Gallegos,Timor-Leste,2025-12-13,Standard
C03931,Joshua,Lee,New Caledonia,2025-09-26,Premium
C03932,Ryan,Valentine,Cayman Islands,2025-09-08,Standard
C03933,Tanya,Brown,Botswana,2023-11-24,Standard
C03934,Stephanie,Mccarthy,New Caledonia,2024-11-04,Standard
C03935,Donald,Stone,Lithuania,2024-07-14,Standard
C03936,Robert,Smith,Gambia,2026-04-20,Standard
C03937,Eric,Mccoy,Poland,2026-03-30,Standard
C03938,Roy,Martinez,Bulgaria,2025-11-12,Standard
C03939,Julian,Hardy,Sri Lanka,2026-07-17,Standard
C03940,Michelle,Wood,Lebanon,2023-11-19,Standard
C03941,Andrew,Wood,Egypt,2024-07-03,Premium
C03942,Shirley,Barker,United States of America,2024-12-10,Premium
C03943,Cynthia,Winters,Lebanon,2024-10-21,Standard
C03944,Angela,Ray,Greenland,2026-08-01,Standard
C03945,James,Martinez,Gibraltar,2026-04-21,Standard
C03946,Ashley,Pruitt,Russian Federation,2026-02-18,Standard
C03947,Chelsea,Li,Egypt,2025-09-09,Standard
C03948,Anna,Zamora,Germany,2025-10-14,Standard
C03949,Nicole,Cruz,Cameroon,2026-04-07,Standard
C03950,Marc,Moreno,Kyrgyz Republic,2026-03-06,Standard
C03951,Rachel,Valentine,Saint Lucia,2024-09-29,Standard
C03952,Carl,Price,Congo,2024-10-15,Premium
C03953,Jennifer,Cox,Slovakia (Slovak Republic),2023-11-12,Business
C03954,Thomas,Walker,Afghanistan,2025-01-02,Standard
C03955,Michael,Oliver,Monaco,2024-03-26,Standard
C03956,Kristen,Frye,Libyan Arab Jamahiriya,2024-12-13,Premium
C03957,Cassandra,Herrera,Swaziland,2026-05-12,Premium
C03958,Jacob,Bradshaw,Netherlands,2024-02-15,Standard
C03959,Kenneth,Brown,Turks and Caicos Islands,2024-06-10,Standard
C03960,Alexandra,Gordon,Egypt,2025-03-19,Standard
C03961,Rodney,Cardenas,Algeria,2024-11-18,Standard
C03962,Jose,Thomas,Anguilla,2023-09-26,Standard
C03963,Denise,Farmer,Belgium,2025-03-07,Standard
C03964,Steven,Browning,Cameroon,2025-07-06,Standard
C03965,Connie,Peters,Nepal,2025-07-02,Standard
C03966,Katherine,Rodriguez,Falkland Islands (Malvinas),2025-07-21,Premium
C03967,Joshua,Mccarthy,Korea,2024-10-28,Standard
C03968,Frank,Anderson,Zimbabwe,2023-09-08,Standard
C03969,David,Parrish,Micronesia,2025-08-23,Standard
C03970,Miguel,Stewart,Saint Helena,2025-03-17,Standard
C03971,Andrea,Fuller,Oman,2024-12-28,Business
C03972,Randall,Nguyen,Taiwan,2023-10-05,Standard
C03973,Dawn,Nguyen,Saudi Arabia,2026-01-12,Standard
C03974,Benjamin,Hunt,Saint Kitts and Nevis,2024-03-04,Premium
C03975,Tyler,Mcintosh,Burundi,2024-04-04,Standard
C03976,Curtis,Martin,Rwanda,2024-08-12,Premium
C03977,Christopher,Ward,Guinea-Bissau,2025-01-19,Standard
C03978,Christopher,Cooper,Bangladesh,2025-09-16,Standard
C03979,Richard,Brown,Israel,2026-05-06,Standard
C03980,Kristine,Neal,Mexico,2023-12-29,Standard
C03981,Lisa,West,Brazil,2024-09-21,Premium
C03982,Jeremy,Brown,Pitcairn Islands,2025-12-26,Premium
C03983,Andrew,Day,Qatar,2024-07-28,Standard
C03984,Timothy,Williams,Senegal,2024-08-08,Standard
C03985,Stephanie,Best,Burundi,2025-09-28,Premium
C03986,Luis,Hughes,North Macedonia,2026-06-19,Premium
C03987,Randy,Dixon,French Guiana,2025-09-15,Standard
C03988,Andrew,Espinoza,Israel,2025-12-14,Standard
C03989,Carlos,Gonzalez,Argentina,2024-07-02,Standard
C03990,Jerome,Henry,Guernsey,2026-08-07,Premium
C03991,Christopher,Keith,Malawi,2024-04-24,Standard
C03992,Randy,Hernandez,Albania,2026-04-14,Standard
C03993,Julie,Campbell,Moldova,2025-03-16,Premium
C03994,William,Moore,Cook Islands,2026-03-13,Standard
C03995,Jonathan,Gonzalez,Ukraine,2024-09-20,Standard
C03996,Philip,Santos,Korea,2023-09-26,Standard
C03997,Sean,Faulkner,Paraguay,2025-10-16,Standard
C03998,Kayla,Harris,Bouvet Island (Bouvetoya),2023-10-16,Standard
C03999,Paul,Rodriguez,Venezuela,2024-06-27,Standard
C04000,James,Hudson,San Marino,2024-11-18,Standard
C04001,Marissa,Craig,Turks and Caicos Islands,2026-02-19,Standard
C04002,Lisa,Ward,Austria,2026-05-15,Premium
C04003,Connie,Knight,Turks and Caicos Islands,2024-09-07,Premium
C04004,Jay,Johnson,American Samoa,2024-07-14,Standard
C04005,Maria,Dalton,Costa Rica,2025-09-27,Standard
C04006,Stacey,Price,Greece,2025-07-24,Standard
C04007,Tracey,Guzman,Chad,2025-09-14,Standard
C04008,Timothy,Carlson,South Africa,2026-06-14,Standard
C04009,Meredith,Wright,Nicaragua,2024-01-26,Standard
C04010,Nicole,Farrell,Niger,2023-10-29,Standard
C04011,Mercedes,Arroyo,Venezuela,2023-08-13,Standard
C04012,Kevin,James,Montenegro,2024-04-16,Standard
C04013,Colton,Richardson,Oman,2024-06-04,Standard
C04014,Tasha,Harmon,Holy See (Vatican City State),2023-12-09,Standard
C04015,Joshua,Valdez,French Southern Territories,2023-10-06,Standard
C04016,Rachel,Turner,Estonia,2025-07-22,Standard
C04017,Sarah,Clay,South Georgia and the South Sandwich Islands,2024-06-25,Premium
C04018,David,Fields,Zambia,2026-07-07,Premium
C04019,Laura,Beard,Venezuela,2025-08-22,Standard
C04020,Greg,Rodriguez,Saint Kitts and Nevis,2024-08-11,Standard
C04021,Spencer,Tanner,Puerto Rico,2025-12-25,Standard
C04022,Joshua,Johnson,Mongolia,2025-08-27,Standard
C04023,Bryan,Holt,Cuba,2023-11-22,Standard
C04024,Raymond,Bennett,Argentina,2025-09-23,Premium
C04025,Ryan,Owens,China,2023-09-02,Standard
C04026,Barbara,Williams,Bahrain,2024-10-22,Premium
C04027,Jennifer,Higgins,Cook Islands,2024-10-01,Standard
C04028,Andrew,Nelson,Tunisia,2024-05-31,Standard
C04029,Jimmy,West,Afghanistan,2026-05-19,Premium
C04030,Bradley,Hart,Togo,2025-06-19,Standard
C04031,Angelica,Warner,Somalia,2024-08-06,Standard
C04032,Jennifer,Newton,France,2025-02-28,Standard
C04033,Christopher,Richardson,Swaziland,2025-08-15,Standard
C04034,Amy,Brooks,United Arab Emirates,2025-03-11,Business
C04035,Jessica,Fernandez,Gibraltar,2026-05-02,Standard
C04036,Michael,Thompson,Iran,2025-03-13,Business
C04037,Taylor,Reed,French Guiana,2024-03-29,Business
C04038,Lisa,Walton,Lithuania,2026-06-27,Premium
C04039,Amy,Ward,Jersey,2023-12-25,Standard
C04040,Carrie,Dyer,Grenada,2025-02-20,Standard
C04041,Debbie,Hayes,Mauritius,2026-07-04,Premium
C04042,Frank,Williams,Madagascar,2026-04-10,Standard
C04043,Dustin,Peterson,Norfolk Island,2024-04-16,Standard
C04044,Melissa,Berry,Suriname,2024-06-27,Standard
C04045,Makayla,Sanders,Swaziland,2025-05-24,Standard
C04046,Nicole,Mooney,Mayotte,2023-10-17,Standard
C04047,April,Johnston,Equatorial Guinea,2025-12-15,Standard
C04048,Elizabeth,Martin,Denmark,2026-07-10,Standard
C04049,Jenna,Rogers,Brazil,2024-12-30,Premium
C04050,Jessica,Robles,Mexico,2025-04-17,Standard
C04051,Alexandra,Weiss,Cyprus,2026-01-25,Premium
C04052,Michael,Russell,Sao Tome and Principe,2024-01-25,Standard
C04053,Jeremiah,Schneider,Cape Verde,2026-07-26,Premium
C04054,Paula,Lopez,Afghanistan,2025-10-04,Standard
C04055,Lauren,Simpson,United States Virgin Islands,2023-12-03,Premium
C04056,Heather,Parker,Saudi Arabia,2025-05-04,Standard
C04057,Kevin,Clark,Northern Mariana Islands,2024-01-10,Premium
C04058,Stephanie,Lee,Andorra,2023-09-30,Standard
C04059,Kenneth,Clark,Sweden,2026-07-05,Premium
C04060,Charles,King,Zambia,2024-02-13,Business
C04061,Robert,Howard,Iraq,2023-08-29,Standard
C04062,Heidi,Evans,Iceland,2025-03-17,Standard
C04063,Jared,Patterson,Namibia,2025-08-25,Premium
C04064,Cynthia,Watkins,Philippines,2025-09-14,Standard
C04065,Tiffany,Porter,Guernsey,2023-09-30,Premium
C04066,Jonathan,Wells,South Georgia and the South Sandwich Islands,2025-03-31,Standard
C04067,Karen,Carrillo,Jamaica,2026-07-17,Standard
C04068,Brenda,Gilmore,Yemen,2026-07-11,Business
C04069,Tracy,Johnson,Argentina,2025-09-08,Standard
C04070,Katherine,Miller,El Salvador,2025-12-04,Premium
C04071,Christopher,Sanchez,Switzerland,2026-04-19,Standard
C04072,Sandra,Gibson,San Marino,2025-01-18,Standard
C04073,John,Riggs,Antigua and Barbuda,2024-12-26,Standard
C04074,Kyle,Waters,Timor-Leste,2025-07-13,Standard
C04075,Jay,Jenkins,Algeria,2026-07-10,Standard
C04076,David,Huffman,Slovakia (Slovak Republic),2023-09-25,Standard
C04077,Selena,Wallace,Macao,2024-05-20,Standard
C04078,Steven,Terry,Iceland,2025-11-22,Standard
C04079,Desiree,Williams,Myanmar,2024-02-11,Premium
C04080,Helen,Henry,United Arab Emirates,2025-07-14,Standard
C04081,Kelly,Martin,French Guiana,2026-03-03,Standard
C04082,Mark,Rodriguez,Cape Verde,2023-12-10,Standard
C04083,James,Tucker,Albania,2025-04-05,Standard
C04084,Kimberly,Roman,United Kingdom,2024-05-13,Premium
C04085,Kelsey,Williams,Cocos (Keeling) Islands,2024-07-25,Standard
C04086,Matthew,Vega,Tanzania,2025-09-17,Standard
C04087,Jeremy,Wallace,Reunion,2024-02-09,Standard
C04088,Craig,Taylor,Saint Vincent and the Grenadines,2026-03-10,Standard
C04089,Anna,Kim,Haiti,2026-08-02,Premium
C04090,Russell,Erickson,Ukraine,2026-07-25,Standard
C04091,Micheal,Stephens,Italy,2025-08-17,Premium
C04092,Arthur,Graham,Reunion,2025-05-29,Standard
C04093,Carl,Miller,Turkey,2026-06-10,Standard
C04094,Michael,Morales,Uruguay,2024-08-24,Premium
C04095,Rebecca,Hutchinson,British Indian Ocean Territory (Chagos Archipelago),2023-09-19,Standard
C04096,Fernando,Hudson,Papua New Guinea,2024-06-13,Standard
C04097,Sean,Barajas,Holy See (Vatican City State),2025-12-25,Standard
C04098,Jose,Jones,Somalia,2026-05-28,Standard
C04099,Jacob,Gutierrez,Monaco,2023-10-13,Standard
C04100,Jesse,Hernandez,Burkina Faso,2026-08-06,Standard
C04101,Peter,Watson,Malawi,2023-08-31,Standard
C04102,Daniel,Wade,Myanmar,2025-11-14,Standard
C04103,Alan,Beard,Burundi,2024-12-21,Standard
C04104,Samantha,Valencia,Spain,2024-07-09,Standard
C04105,Jacob,Wells,Lesotho,2024-07-10,Standard
C04106,Cory,Hughes,North Macedonia,2026-04-13,Standard
C04107,Amber,Lara,Cameroon,2026-06-14,Business
C04108,David,Hicks,Tokelau,2023-11-26,Standard
C04109,Tim,Fritz,Barbados,2026-01-08,Premium
C04110,Fred,Sims,Isle of Man,2026-04-10,Standard
C04111,Michael,Perez,Estonia,2025-05-05,Standard
C04112,Brian,Reynolds,Trinidad and Tobago,2024-12-22,Standard
C04113,Kimberly,Johnson,Paraguay,2025-03-15,Standard
C04114,Peter,Obrien,Tonga,2024-07-27,Standard
C04115,Kaitlyn,Anderson,Nicaragua,2025-10-12,Standard
C04116,Pamela,Lucas,Saudi Arabia,2026-04-25,Standard
C04117,Eric,George,France,2025-09-23,Premium
C04118,Kendra,Reynolds,Antarctica (the territory South of 60 deg S),2025-05-22,Standard
C04119,Carl,Miller,Uganda,2024-03-26,Standard
C04120,Kendra,Williams,Fiji,2025-04-14,Premium
C04121,Juan,Santos,United States Virgin Islands,2025-01-24,Standard
C04122,Kevin,Nichols,Greece,2024-12-03,Standard
C04123,Melissa,Harrison,Libyan Arab Jamahiriya,2025-04-03,Standard
C04124,Katherine,Franco,Namibia,2026-07-28,Premium
C04125,Ann,Fleming,Netherlands Antilles,2026-06-04,Premium
C04126,Kristi,Taylor,Guadeloupe,2024-01-01,Standard
C04127,Heather,Hester,Martinique,2025-10-24,Standard
C04128,Christina,Brown,Norfolk Island,2024-10-02,Premium
C04129,Sarah,Baxter,Nepal,2025-10-18,Standard
C04130,Jeremy,Mcintosh,Gibraltar,2024-08-18,Standard
C04131,Ashlee,Bailey,Gambia,2024-06-06,Standard
C04132,Margaret,Holmes,Isle of Man,2024-10-18,Standard
C04133,Joseph,Coleman,Palestinian Territory,2024-05-31,Standard
C04134,Kayla,Zamora,Burundi,2026-07-17,Standard
C04135,Kenneth,Mcdaniel,Guyana,2025-12-03,Standard
C04136,Angela,Harris,Kyrgyz Republic,2026-02-01,Standard
C04137,Abigail,Wilson,Saint Kitts and Nevis,2024-11-07,Premium
C04138,Danielle,Harris,Somalia,2026-04-23,Standard
C04139,Maria,White,Oman,2025-09-22,Standard
C04140,Nicholas,Myers,Saint Barthelemy,2024-10-06,Standard
C04141,Sarah,Stevens,Guam,2024-03-27,Standard
C04142,Jonathan,Jones,British Virgin Islands,2025-03-19,Standard
C04143,Lisa,Riggs,Afghanistan,2023-11-24,Standard
C04144,Jacob,Villa,Vanuatu,2025-09-20,Premium
C04145,Shawn,Ewing,Myanmar,2024-10-16,Premium
C04146,William,Fisher,Ethiopia,2023-10-31,Standard
C04147,Tina,Fuller,Liechtenstein,2026-02-22,Standard
C04148,Daniel,Kim,Germany,2024-02-14,Standard
C04149,Donald,Martinez,Senegal,2023-11-05,Premium
C04150,Blake,Jones,Botswana,2025-12-12,Premium
C04151,Amanda,Anderson,Bhutan,2026-07-14,Standard
C04152,Rodney,Williams,Panama,2026-01-09,Standard
C04153,Brian,Rodriguez,Nigeria,2024-10-16,Premium
C04154,Justin,Allen,Cyprus,2026-03-30,Standard
C04155,Cassandra,Walton,Vanuatu,2025-12-18,Standard
C04156,Michael,Young,Angola,2025-12-20,Standard
C04157,Breanna,Farmer,Chile,2025-03-30,Standard
C04158,James,Jensen,Zimbabwe,2024-04-18,Premium
C04159,Christopher,Yang,Faroe Islands,2025-09-06,Business
C04160,David,Sanchez,Ireland,2024-07-21,Standard
C04161,John,Lynch,Uganda,2024-05-08,Standard
C04162,Samantha,Ramirez,Afghanistan,2024-08-17,Standard
C04163,Emily,Graham,Tokelau,2026-03-01,Standard
C04164,Melissa,Griffin,Djibouti,2024-01-15,Standard
C04165,Melanie,Ortiz,Kenya,2025-06-30,Standard
C04166,Edward,Beasley,Thailand,2026-03-25,Standard
C04167,Karen,Johnson,Serbia,2024-10-08,Standard
C04168,Jamie,Nunez,Jordan,2025-11-03,Standard
C04169,Matthew,Smith,Madagascar,2026-03-26,Standard
C04170,Paul,Ramos,Costa Rica,2025-03-14,Standard
C04171,Drew,Jones,Taiwan,2026-08-02,Standard
C04172,Felicia,Jackson,Iraq,2024-06-29,Business
C04173,Jeffery,Gomez,Falkland Islands (Malvinas),2024-09-02,Standard
C04174,Jennifer,Roach,Hong Kong,2026-03-02,Standard
C04175,Natalie,Yu,Poland,2026-01-04,Premium
C04176,John,Wolfe,Korea,2023-09-15,Business
C04177,Paul,Reed,Hong Kong,2023-09-13,Standard
C04178,Travis,Ramsey,United States of America,2025-06-01,Premium
C04179,Christopher,Scott,Denmark,2024-10-04,Standard
C04180,Michael,Osborn,Lesotho,2024-04-14,Standard
C04181,Gary,Nash,Oman,2025-10-24,Standard
C04182,Carol,Patrick,Tanzania,2023-10-08,Standard
C04183,Tiffany,Diaz,Senegal,2024-08-02,Standard
C04184,Christopher,Moon,Bermuda,2026-03-26,Standard
C04185,Heather,Williams,Belgium,2025-11-05,Standard
C04186,Sarah,Chavez,French Polynesia,2024-03-20,Standard
C04187,Michele,Ramirez,United States Virgin Islands,2024-05-27,Standard
C04188,Jeremy,Collins,Mali,2023-11-24,Standard
C04189,Jesse,Davis,Austria,2026-01-18,Standard
C04190,Diamond,Mueller,Zimbabwe,2024-05-12,Premium
C04191,Keith,Harrison,Jamaica,2024-04-29,Premium
C04192,Joel,Morton,Congo,2026-03-06,Premium
C04193,Jennifer,Jones,Bolivia,2024-10-03,Standard
C04194,Lisa,White,British Virgin Islands,2025-07-31,Premium
C04195,Angela,Wood,Christmas Island,2024-04-06,Standard
C04196,Amanda,Lopez,Solomon Islands,2023-08-26,Standard
C04197,Mark,Jackson,Faroe Islands,2025-10-18,Standard
C04198,Lisa,Mason,Ukraine,2023-11-09,Standard
C04199,Phillip,Jackson,Latvia,2024-04-11,Standard
C04200,Meghan,Allen,New Caledonia,2025-03-05,Standard
C04201,Audrey,Ramirez,Ecuador,2025-07-19,Premium
C04202,Gregory,Rodriguez,Egypt,2024-04-20,Standard
C04203,Danielle,Webster,Bangladesh,2025-03-21,Standard
C04204,Derek,Mitchell,Marshall Islands,2025-09-12,Business
C04205,Erica,Foster,Mauritius,2025-05-01,Standard
C04206,Pamela,Owens,Oman,2025-10-28,Standard
C04207,Michael,Jacobs,Saint Barthelemy,2025-05-03,Standard
C04208,Karen,Mills,Ireland,2024-04-28,Standard
C04209,Wesley,Porter,Sri Lanka,2023-10-08,Standard
C04210,Jamie,Greene,Heard Island and McDonald Islands,2024-11-18,Standard
C04211,Darrell,Strong,Hong Kong,2025-03-19,Standard
C04212,Kevin,Johnson,Libyan Arab Jamahiriya,2024-06-16,Standard
C04213,Karen,Lewis,Singapore,2026-04-30,Standard
C04214,Karen,Cole,Nauru,2024-03-17,Standard
C04215,Deborah,Turner,Ecuador,2024-03-21,Standard
C04216,Allen,Perez,Kazakhstan,2024-09-08,Premium
C04217,Tommy,Owens,Lao People's Democratic Republic,2025-03-12,Standard
C04218,Nicole,Ford,Israel,2023-10-31,Standard
C04219,John,Thomas,Northern Mariana Islands,2024-01-17,Standard
C04220,Kenneth,Brown,Lao People's Democratic Republic,2025-04-04,Standard
C04221,Paige,Wiggins,Belarus,2026-02-27,Standard
C04222,Kelly,Nicholson,Micronesia,2025-08-23,Standard
C04223,Billy,Jarvis,Tanzania,2025-08-26,Premium
C04224,Carlos,Rivera,Georgia,2025-10-08,Premium
C04225,Gabriel,Gay,Cameroon,2026-01-01,Standard
C04226,Joseph,Johnson,Cuba,2026-04-18,Premium
C04227,Adriana,Johnson,Iraq,2025-01-12,Standard
C04228,Lauren,Stevens,Nigeria,2025-01-01,Standard
C04229,Justin,Williams,Maldives,2026-02-07,Standard
C04230,David,Gonzales,Libyan Arab Jamahiriya,2025-06-16,Standard
C04231,Kathryn,Johnson,Slovakia (Slovak Republic),2025-12-11,Premium
C04232,Jessica,Knight,Bangladesh,2024-04-07,Standard
C04233,Sarah,Gray,Panama,2025-06-26,Standard
C04234,Jessica,Reid,Cambodia,2024-03-20,Premium
C04235,Kathleen,Gonzalez,Nicaragua,2025-03-31,Standard
C04236,Joshua,Robinson,Aruba,2024-11-25,Standard
C04237,Alexander,Anderson,Italy,2026-01-13,Standard
C04238,James,Lloyd,Turks and Caicos Islands,2024-04-04,Premium
C04239,Ronald,Carroll,United States Virgin Islands,2024-07-05,Premium
C04240,Aaron,Jones,Togo,2023-10-10,Standard
C04241,Joseph,Webb,Bahrain,2024-07-18,Standard
C04242,Taylor,Zavala,Uzbekistan,2026-06-22,Standard
C04243,Trevor,Miller,Kuwait,2025-01-26,Premium
C04244,Christina,Krause,Thailand,2025-08-10,Standard
C04245,Stephanie,Scott,Moldova,2025-12-11,Standard
C04246,Pamela,Olsen,Greenland,2026-04-20,Premium
C04247,Elizabeth,Rose,Papua New Guinea,2026-07-07,Standard
C04248,Mary,Lawrence,Pitcairn Islands,2024-10-19,Standard
C04249,Linda,Osborne,Ecuador,2024-07-29,Standard
C04250,Lisa,Hamilton,Faroe Islands,2025-01-03,Business
C04251,Shelby,Turner,Saint Kitts and Nevis,2025-05-02,Standard
C04252,Brett,Vargas,Spain,2024-09-16,Standard
C04253,Daniel,Hernandez,Czech Republic,2024-07-18,Standard
C04254,Nicole,Wright,United Kingdom,2024-04-07,Standard
C04255,Sara,Terry,Madagascar,2025-02-26,Standard
C04256,Robert,Ross,Montenegro,2025-01-08,Standard
C04257,Kerry,Sanchez,Nigeria,2025-08-29,Business
C04258,Stacy,Bates,Singapore,2024-12-12,Standard
C04259,Sara,Brown,Iraq,2025-06-14,Standard
C04260,Eric,Kennedy,Antarctica (the territory South of 60 deg S),2025-01-12,Standard
C04261,Sharon,Wilson,Dominica,2025-09-06,Standard
C04262,Natasha,Vasquez,Indonesia,2026-02-12,Premium
C04263,Jason,Jordan,Dominica,2024-10-31,Standard
C04264,John,Ballard,Guadeloupe,2024-04-16,Standard
C04265,Carly,Watkins,Timor-Leste,2023-12-19,Standard
C04266,Craig,Miller,Saint Pierre and Miquelon,2023-08-26,Standard
C04267,Edward,Patterson,Ukraine,2024-01-03,Standard
C04268,Sarah,Leon,Qatar,2026-05-15,Standard
C04269,Edwin,Williams,Latvia,2024-05-14,Premium
C04270,Antonio,Carter,Tajikistan,2025-03-04,Premium
C04271,Erika,Hull,Reunion,2025-02-17,Standard
C04272,Elizabeth,Miller,Chad,2024-12-06,Business
C04273,Mark,Williams,Myanmar,2023-12-18,Standard
C04274,Vanessa,Mendez,Swaziland,2024-06-06,Standard
C04275,Kristine,Prince,Swaziland,2025-09-12,Standard
C04276,Daniel,Watkins,Nicaragua,2025-11-07,Standard
C04277,Charles,Salazar,Burundi,2023-11-21,Standard
C04278,Steven,Phelps,Cayman Islands,2026-05-08,Standard
C04279,Kimberly,Robertson,Luxembourg,2026-03-12,Standard
C04280,Jeffrey,Campbell,India,2025-01-20,Standard
C04281,Elizabeth,Neal,Sudan,2025-07-15,Standard
C04282,Michael,Hicks,French Polynesia,2026-05-24,Premium
C04283,Janice,Morales,Sri Lanka,2024-08-12,Standard
C04284,Laura,Boone,Papua New Guinea,2025-01-01,Standard
C04285,Jason,Murray,Romania,2024-04-10,Standard
C04286,Benjamin,Brown,Turkey,2024-02-11,Standard
C04287,Dylan,Bolton,Brunei Darussalam,2024-03-31,Premium
C04288,Jennifer,Campbell,Grenada,2026-07-16,Standard
C04289,Luis,Allen,Liberia,2025-06-19,Standard
C04290,Robert,Spears,Paraguay,2026-06-21,Premium
C04291,Andrea,Matthews,Vietnam,2024-07-03,Standard
C04292,Paula,Douglas,Haiti,2024-04-12,Standard
C04293,Peter,Reed,Australia,2023-09-30,Standard
C04294,Maureen,Lara,Iceland,2024-05-28,Premium
C04295,Lisa,Ford,Indonesia,2024-12-27,Standard
C04296,Shannon,Cabrera,Samoa,2025-05-30,Standard
C04297,Dominique,Rubio,Sao Tome and Principe,2026-01-09,Standard
C04298,Miranda,White,Trinidad and Tobago,2024-04-24,Standard
C04299,Stephanie,Perry,Libyan Arab Jamahiriya,2025-01-13,Standard
C04300,Eddie,Henson,Dominican Republic,2025-10-17,Standard
C04301,Cassandra,Krueger,United States of America,2024-06-22,Standard
C04302,Jennifer,Butler,Sierra Leone,2023-08-27,Premium
C04303,Crystal,Dawson,South Georgia and the South Sandwich Islands,2026-03-25,Premium
C04304,Nathan,Smith,Liberia,2025-09-29,Standard
C04305,James,Hernandez,Pitcairn Islands,2026-06-01,Premium
C04306,Michaela,Manning,Falkland Islands (Malvinas),2025-11-14,Standard
C04307,Peter,Rice,Nauru,2026-03-21,Standard
C04308,Sara,Gonzalez,Sierra Leone,2023-10-13,Standard
C04309,Spencer,Ball,Mexico,2024-11-05,Premium
C04310,Amber,Campos,Aruba,2024-10-27,Premium
C04311,Marvin,Russell,Niue,2023-11-18,Standard
C04312,Thomas,Humphrey,Vanuatu,2025-08-02,Premium
C04313,Robin,Lynch,Djibouti,2024-12-14,Standard
C04314,Mary,Walker,Estonia,2024-11-21,Premium
C04315,Patricia,Phelps,Svalbard & Jan Mayen Islands,2024-08-03,Business
C04316,Elizabeth,Riley,Indonesia,2024-09-28,Standard
C04317,Adam,Perez,Cyprus,2025-07-10,Premium
C04318,John,Smith,Australia,2023-12-09,Standard
C04319,Leah,Hill,Suriname,2025-12-09,Standard
C04320,Shelby,Smith,Trinidad and Tobago,2026-05-03,Standard
C04321,Kristin,Mack,Panama,2023-10-31,Standard
C04322,Tyler,Carpenter,Martinique,2026-06-05,Premium
C04323,Andrea,Chan,Timor-Leste,2024-08-11,Standard
C04324,Sara,Price,Saint Kitts and Nevis,2025-01-04,Standard
C04325,Gregory,Douglas,American Samoa,2026-07-12,Premium
C04326,Ruben,Murphy,Ecuador,2025-08-27,Business
C04327,Andrew,Anderson,San Marino,2024-09-17,Standard
C04328,Gary,Carter,Equatorial Guinea,2025-05-19,Business
C04329,Evan,Simmons,Saint Lucia,2024-04-23,Standard
C04330,Michael,Hubbard,France,2024-12-05,Premium
C04331,Whitney,Holt,Northern Mariana Islands,2023-11-27,Standard
C04332,Charles,Moore,British Virgin Islands,2023-08-18,Standard
C04333,Stephanie,Jones,Sierra Leone,2024-10-05,Standard
C04334,Tammy,Wilson,Korea,2025-01-18,Standard
C04335,David,Miranda,Slovakia (Slovak Republic),2025-11-20,Standard
C04336,Steven,Martinez,Paraguay,2026-03-24,Standard
C04337,Joshua,Miller,Solomon Islands,2024-01-02,Standard
C04338,Michael,Hughes,Comoros,2025-12-07,Premium
C04339,Sierra,Swanson,United States Minor Outlying Islands,2026-04-02,Standard
C04340,Linda,Mcguire,Benin,2023-11-19,Standard
C04341,Francis,Peterson,Mali,2026-07-19,Standard
C04342,Amanda,Mendoza,Uzbekistan,2026-04-20,Standard
C04343,Michael,Peterson,Iceland,2025-06-14,Premium
C04344,Dale,Hunt,Sudan,2025-04-29,Premium
C04345,Jason,Lee,Northern Mariana Islands,2025-09-01,Standard
C04346,Kiara,Adkins,Bangladesh,2024-07-30,Standard
C04347,Mary,Peck,Slovakia (Slovak Republic),2025-09-18,Premium
C04348,Angela,Ellis,Gibraltar,2026-05-07,Standard
C04349,Miguel,Yoder,Argentina,2025-07-16,Premium
C04350,Jacob,Duncan,Andorra,2026-06-10,Standard
C04351,Sarah,Wong,Israel,2023-08-24,Premium
C04352,Tara,Atkins,Belize,2024-03-08,Standard
C04353,Megan,Wheeler,Monaco,2024-02-09,Standard
C04354,Brittany,Kennedy,Micronesia,2025-12-16,Business
C04355,Jessica,Peterson,Nigeria,2023-10-02,Standard
C04356,Kristi,Little,Ecuador,2024-12-09,Standard
C04357,Amanda,Coleman,Argentina,2024-01-25,Standard
C04358,Brian,Evans,Burundi,2026-07-29,Standard
C04359,Jonathan,Gray,Cape Verde,2024-10-22,Standard
C04360,Matthew,Jenkins,Belarus,2025-11-14,Standard
C04361,Michael,Jimenez,Saint Vincent and the Grenadines,2024-11-20,Standard
C04362,Richard,Johnson,Finland,2025-01-03,Standard
C04363,Jack,Davis,Burundi,2025-11-05,Premium
C04364,Carrie,York,Guyana,2024-02-05,Standard
C04365,Cody,Baker,Grenada,2024-12-19,Standard
C04366,Pamela,White,Croatia,2026-02-02,Standard
C04367,Lauren,Hall,Falkland Islands (Malvinas),2024-12-08,Standard
C04368,Mckenzie,Pierce,Mauritius,2023-12-14,Standard
C04369,Lisa,Dunn,Morocco,2026-07-20,Standard
C04370,Amy,Escobar,Palestinian Territory,2024-11-17,Standard
C04371,Craig,Powell,Venezuela,2023-10-15,Standard
C04372,Larry,Humphrey,Bermuda,2026-05-31,Standard
C04373,Mathew,Figueroa,Burundi,2023-11-27,Standard
C04374,Clinton,Duffy,Albania,2024-01-25,Standard
C04375,Patricia,Williams,Sudan,2025-02-23,Standard
C04376,Richard,Rodriguez,Cayman Islands,2026-02-15,Standard
C04377,Sheila,Jacobson,Egypt,2023-12-18,Standard
C04378,Matthew,Lopez,Uruguay,2026-01-12,Premium
C04379,Jackie,Garcia,Sudan,2023-09-08,Standard
C04380,Thomas,Daniel,Brunei Darussalam,2024-05-02,Standard
C04381,Joann,Short,Pitcairn Islands,2025-10-12,Standard
C04382,John,Russell,Pitcairn Islands,2025-11-02,Standard
C04383,Nancy,Ray,Saint Lucia,2024-05-30,Standard
C04384,Travis,Young,Jersey,2024-07-05,Standard
C04385,Christina,Price,Sweden,2025-11-09,Premium
C04386,Kelly,Taylor,Nauru,2025-05-13,Standard
C04387,Renee,Roberts,Egypt,2026-03-27,Business
C04388,Melissa,Martinez,Italy,2024-09-12,Standard
C04389,Deborah,Jimenez,Brazil,2025-05-03,Standard
C04390,Brittany,Francis,Portugal,2024-02-28,Standard
C04391,Barbara,Olsen,Mozambique,2024-02-15,Standard
C04392,Tammy,Wright,Rwanda,2023-10-14,Standard
C04393,Jerry,Wright,Aruba,2023-12-03,Standard
C04394,Gabriella,Anderson,Cuba,2024-10-15,Standard
C04395,Susan,Andrews,Pakistan,2024-07-04,Premium
C04396,Jennifer,Greer,American Samoa,2025-05-16,Premium
C04397,Daniel,Clark,Cambodia,2024-03-28,Standard
C04398,Jennifer,Floyd,Trinidad and Tobago,2025-03-07,Standard
C04399,Mark,Jenkins,Palestinian Territory,2025-10-27,Standard
C04400,Erin,Ramos,Cook Islands,2026-04-25,Standard
C04401,Dustin,Price,Comoros,2026-06-12,Standard
C04402,Michele,Bates,Liechtenstein,2025-09-10,Standard
C04403,Stacy,Kim,El Salvador,2023-08-17,Standard
C04404,Ryan,Moore,Slovenia,2023-11-13,Standard
C04405,Kaitlin,Warren,Costa Rica,2025-05-16,Business
C04406,Daniel,Mitchell,Finland,2024-10-19,Standard
C04407,Gregory,Hammond,Lebanon,2025-11-12,Premium
C04408,Cameron,Gibson,Gabon,2026-05-09,Standard
C04409,Jeffrey,Harris,Tonga,2024-10-14,Standard
C04410,Mary,Stuart,Faroe Islands,2024-04-18,Standard
C04411,Timothy,Kim,Burkina Faso,2023-09-08,Standard
C04412,Kimberly,Brewer,Hungary,2024-07-18,Standard
C04413,Valerie,Arnold,Norway,2024-03-24,Standard
C04414,Daniel,Griffith,Mali,2024-09-11,Standard
C04415,Hannah,Nelson,Palestinian Territory,2025-10-23,Standard
C04416,Lauren,Francis,Angola,2023-11-18,Standard
C04417,Ashley,Dyer,Dominican Republic,2024-10-25,Standard
C04418,Johnny,Sanchez,Paraguay,2025-12-23,Standard
C04419,Melissa,Andrews,Uzbekistan,2025-11-13,Standard
C04420,Sandra,Burton,Marshall Islands,2023-08-18,Standard
C04421,Edward,Smith,Seychelles,2026-07-19,Standard
C04422,Kayla,Barnes,Guam,2023-08-15,Business
C04423,Timothy,Lopez,Saint Martin,2024-11-30,Standard
C04424,Jennifer,Coleman,Qatar,2024-10-08,Premium
C04425,Brenda,Fuller,Paraguay,2026-03-04,Standard
C04426,Annette,Kelly,Hong Kong,2025-08-15,Standard
C04427,Colleen,Zamora,Greece,2023-10-23,Standard
C04428,Michaela,Kelly,Senegal,2024-08-21,Standard
C04429,Amanda,Snyder,Jersey,2026-01-02,Standard
C04430,Allen,Jones,Mongolia,2024-03-12,Premium
C04431,Jesse,Delacruz,Costa Rica,2025-08-07,Standard
C04432,Robert,Ferrell,Barbados,2024-01-19,Standard
C04433,Erin,Daugherty,Kazakhstan,2024-03-10,Standard
C04434,Jeffrey,Lewis,Heard Island and McDonald Islands,2024-01-10,Premium
C04435,Benjamin,Smith,Namibia,2025-05-09,Standard
C04436,David,Ramirez,Namibia,2025-07-11,Standard
C04437,Patricia,Davis,Uzbekistan,2024-08-14,Standard
C04438,Cheryl,Davis,El Salvador,2026-02-27,Premium
C04439,Amanda,Soto,Senegal,2024-08-21,Business
C04440,Bradley,Barker,Mauritius,2024-04-28,Standard
C04441,Diane,Dominguez,Albania,2025-09-11,Premium
C04442,Lisa,Robinson,Isle of Man,2025-01-07,Premium
C04443,Craig,Gordon,Denmark,2026-01-23,Standard
C04444,Joshua,Simmons,Guernsey,2025-02-17,Standard
C04445,Karen,Hawkins,Chad,2023-09-23,Standard
C04446,Joanne,Hooper,Montserrat,2023-09-15,Business
C04447,Elizabeth,Lee,Swaziland,2024-04-12,Standard
C04448,Jim,Williams,Christmas Island,2024-06-12,Premium
C04449,Margaret,Gonzalez,French Polynesia,2025-07-28,Standard
C04450,Bryan,Cole,Niger,2024-03-08,Premium
C04451,Anthony,Swanson,Saint Kitts and Nevis,2024-06-25,Standard
C04452,Michael,Sherman,Senegal,2024-11-20,Standard
C04453,Mary,Reynolds,Portugal,2023-11-19,Premium
C04454,Martha,Moore,Honduras,2023-08-24,Premium
C04455,George,Johnson,China,2026-07-11,Premium
C04456,Megan,Fisher,Belize,2024-04-13,Standard
C04457,Jason,Hernandez,Botswana,2025-06-18,Standard
C04458,Jermaine,Hess,Ethiopia,2025-10-29,Standard
C04459,Jennifer,Stephenson,Marshall Islands,2026-02-17,Standard
C04460,Rachel,Stark,Greenland,2025-07-16,Standard
C04461,Eric,Osborn,Martinique,2026-06-04,Standard
C04462,Ashley,Mckay,Jamaica,2024-05-06,Standard
C04463,Cheryl,Norton,Fiji,2024-12-15,Business
C04464,Jorge,Lewis,Saint Martin,2023-09-13,Standard
C04465,James,Phillips,Sierra Leone,2025-11-21,Standard
C04466,Steven,Davis,Mozambique,2024-02-08,Standard
C04467,Laura,Martinez,Austria,2024-08-03,Standard
C04468,Jillian,Ferguson,Togo,2024-02-04,Standard
C04469,Ann,Foster,Pakistan,2026-01-31,Premium
C04470,Jennifer,Velasquez,Austria,2025-10-25,Premium
C04471,Hector,Liu,South Georgia and the South Sandwich Islands,2024-02-25,Premium
C04472,John,Williams,Togo,2026-03-12,Business
C04473,Amy,Jones,Mauritania,2025-12-17,Standard
C04474,Christopher,Warren,Bermuda,2024-09-19,Standard
C04475,Jose,Dunn,Sweden,2024-05-15,Standard
C04476,Bradley,Henry,Taiwan,2024-06-26,Standard
C04477,Donald,Tyler,Qatar,2026-04-27,Standard
C04478,Christopher,Hernandez,Kenya,2023-12-01,Standard
C04479,Robert,Schultz,Belgium,2024-12-24,Standard
C04480,Steven,Maldonado,Tanzania,2025-01-18,Standard
C04481,Anthony,Cannon,Slovakia (Slovak Republic),2023-09-24,Standard
C04482,Kimberly,Vazquez,Tokelau,2023-09-29,Standard
C04483,Christopher,Martin,Samoa,2026-04-28,Standard
C04484,Brenda,Miller,Comoros,2025-08-28,Standard
C04485,Stephanie,Garcia,Slovenia,2025-11-27,Standard
C04486,Deborah,Brown,Norfolk Island,2026-03-09,Premium
C04487,Anthony,Hernandez,Guinea,2024-12-10,Standard
C04488,Nicholas,Wilson,United States Virgin Islands,2025-10-03,Standard
C04489,Debbie,Goodwin,Eritrea,2024-04-16,Premium
C04490,Christopher,Hess,Netherlands Antilles,2026-06-15,Standard
C04491,Barbara,Woods,Liechtenstein,2025-11-01,Standard
C04492,Renee,Jones,China,2024-11-03,Standard
C04493,Walter,Kramer,Germany,2025-03-24,Standard
C04494,Taylor,Hunter,Lao People's Democratic Republic,2023-09-22,Premium
C04495,Bradley,Williams,Panama,2024-09-21,Premium
C04496,Nina,Gray,North Macedonia,2025-01-24,Standard
C04497,Christopher,Ramsey,Falkland Islands (Malvinas),2025-11-13,Standard
C04498,Edward,Gray,British Virgin Islands,2024-08-13,Standard
C04499,Robert,Salinas,Malawi,2024-07-31,Standard
C04500,Vicki,Wood,Australia,2025-03-03,Standard
C04501,Kyle,Jackson,Morocco,2025-03-18,Standard
C04502,Jessica,Tran,Armenia,2026-04-09,Standard
C04503,Terry,Russell,Dominican Republic,2025-05-11,Standard
C04504,Carrie,Mendez,Kuwait,2026-03-30,Standard
C04505,Michael,Lutz,Sierra Leone,2026-04-08,Standard
C04506,Kimberly,Benton,Togo,2025-11-06,Standard
C04507,Jack,Brown,Ethiopia,2023-10-24,Premium
C04508,Sarah,Grimes,El Salvador,2025-11-11,Standard
C04509,David,Peters,Marshall Islands,2023-08-20,Standard
C04510,Jose,Quinn,Togo,2026-05-09,Premium
C04511,Gregory,Fry,Luxembourg,2024-09-02,Standard
C04512,Zachary,Gray,Serbia,2024-05-30,Standard
C04513,Allison,Brown,Ethiopia,2024-08-23,Standard
C04514,Eric,Jones,Qatar,2025-04-25,Standard
C04515,Christine,Phillips,Chile,2025-10-31,Standard
C04516,Ashley,Caldwell,Saint Martin,2024-12-02,Standard
C04517,Rickey,Moore,Ecuador,2025-05-26,Standard
C04518,Katherine,Anderson,Saint Helena,2025-11-10,Premium
C04519,Ryan,Garcia,Slovakia (Slovak Republic),2024-09-07,Standard
C04520,Christopher,Marks,Swaziland,2025-04-10,Standard
C04521,Kelly,Hendrix,Iceland,2024-04-12,Premium
C04522,Michael,Christensen,Saudi Arabia,2024-11-06,Standard
C04523,Michelle,Williams,Iraq,2024-08-02,Premium
C04524,Jennifer,Wood,Mayotte,2026-07-09,Standard
C04525,Jacob,Lee,Tonga,2023-09-18,Premium
C04526,Elizabeth,Harrison,Gambia,2025-05-12,Standard
C04527,Laura,Roy,Malaysia,2026-01-23,Premium
C04528,Susan,Moreno,United States Virgin Islands,2023-09-16,Premium
C04529,Kelsey,Cross,Heard Island and McDonald Islands,2024-08-22,Standard
C04530,Angela,Mason,Christmas Island,2024-10-13,Standard
C04531,Martin,Compton,Lao People's Democratic Republic,2026-03-17,Standard
C04532,Marie,Brown,Portugal,2025-01-22,Standard
C04533,Benjamin,Mcdaniel,Azerbaijan,2024-11-07,Standard
C04534,John,Hendricks,Cote d'Ivoire,2025-02-14,Standard
C04535,James,Fox,Namibia,2024-12-14,Standard
C04536,Nicole,Martinez,Saint Lucia,2024-07-22,Standard
C04537,Lindsay,Shaffer,Bermuda,2024-01-06,Standard
C04538,Jennifer,Gibson,Lao People's Democratic Republic,2024-02-21,Standard
C04539,Amy,Obrien,Congo,2024-08-21,Standard
C04540,Brittney,Mccoy,Congo,2025-09-16,Standard
C04541,Jay,Sullivan,Gibraltar,2024-07-28,Standard
C04542,Benjamin,Russell,Antigua and Barbuda,2023-12-10,Standard
C04543,Stephanie,Hull,New Zealand,2025-10-05,Standard
C04544,Tyler,Nixon,Iceland,2024-01-08,Standard
C04545,Steven,Mason,Ireland,2025-12-18,Standard
C04546,Jennifer,Warren,Algeria,2023-08-29,Premium
C04547,Rhonda,Clark,Anguilla,2023-09-27,Standard
C04548,Brenda,Cook,Israel,2024-02-03,Standard
C04549,Andrea,Monroe,Malta,2023-09-02,Standard
C04550,John,Bennett,Latvia,2026-04-28,Premium
C04551,Jacqueline,Baker,Finland,2026-02-23,Premium
C04552,David,Hardy,Israel,2023-08-17,Standard
C04553,Nicole,Frazier,India,2025-03-06,Standard
C04554,Chelsea,Reed,Turks and Caicos Islands,2023-11-11,Premium
C04555,Charles,Munoz,Sri Lanka,2024-02-20,Standard
C04556,Monica,Fowler,Morocco,2024-10-31,Standard
C04557,Daniel,Carter,Djibouti,2025-04-20,Standard
C04558,Alyssa,Cooper,Anguilla,2026-02-09,Standard
C04559,Donald,Shea,Congo,2024-05-04,Premium
C04560,Lisa,Moore,Cuba,2026-03-12,Business
C04561,Carolyn,Hernandez,Dominican Republic,2025-07-14,Premium
C04562,Joshua,Morgan,Belarus,2024-01-03,Standard
C04563,Jonathan,Johnson,Samoa,2024-11-11,Premium
C04564,David,Herrera,Wallis and Futuna,2023-10-18,Standard
C04565,Maria,Mccoy,Slovakia (Slovak Republic),2025-01-18,Standard
C04566,John,Walls,Japan,2025-06-19,Premium
C04567,Tammy,Manning,Maldives,2026-07-25,Standard
C04568,Cody,Francis,Japan,2023-09-09,Standard
C04569,Sheila,Acevedo,Tunisia,2023-11-07,Standard
C04570,Abigail,Harris,Iceland,2025-04-22,Premium
C04571,Nicole,Davis,Tunisia,2023-09-24,Standard
C04572,Paul,Cohen,Barbados,2024-12-22,Standard
C04573,Shelby,Lewis,Zambia,2024-05-11,Standard
C04574,Katrina,King,Guam,2025-02-15,Premium
C04575,Brett,Jordan,Mexico,2024-05-23,Premium
C04576,Ryan,Rodriguez,Niue,2025-09-04,Standard
C04577,Roger,Hoffman,United Kingdom,2024-03-21,Standard
C04578,Christine,Riggs,Switzerland,2024-09-25,Standard
C04579,Kelly,Mccarty,Brazil,2024-08-23,Business
C04580,Kevin,Spencer,South Africa,2025-11-09,Standard
C04581,Tracie,Deleon,Guam,2024-11-18,Premium
C04582,John,Roy,United States Minor Outlying Islands,2025-12-14,Standard
C04583,Jill,Rice,Ireland,2023-10-23,Premium
C04584,Jason,Brewer,Nicaragua,2024-02-21,Premium
C04585,Brian,Estrada,Korea,2026-07-21,Standard
C04586,Heather,Obrien,Australia,2025-10-09,Business
C04587,Micheal,Cunningham,Russian Federation,2023-11-21,Standard
C04588,Linda,Mitchell,Cocos (Keeling) Islands,2023-09-06,Standard
C04589,Jennifer,Chavez,Equatorial Guinea,2026-02-03,Standard
C04590,Lindsay,Powell,Netherlands Antilles,2026-01-18,Premium
C04591,Cindy,Garrett,Seychelles,2026-04-09,Standard
C04592,Ashley,Bennett,Slovakia (Slovak Republic),2026-05-29,Standard
C04593,Kenneth,Tran,Netherlands,2026-03-02,Standard
C04594,Julie,Lowe,Senegal,2025-07-21,Standard
C04595,Christopher,Boyd,Cameroon,2025-11-21,Standard
C04596,Kristen,Riley,Northern Mariana Islands,2026-01-12,Standard
C04597,John,Rivera,Bosnia and Herzegovina,2024-11-12,Premium
C04598,Andrew,Mason,Georgia,2026-01-13,Standard
C04599,Christine,Proctor,Congo,2024-05-11,Standard
C04600,Pamela,Rodriguez,Taiwan,2024-07-24,Standard
C04601,Kelly,Thomas,Jersey,2025-05-01,Standard
C04602,Anne,Yu,Azerbaijan,2025-05-07,Premium
C04603,Cindy,Johnson,Moldova,2025-08-16,Premium
C04604,Eric,Bowman,Kuwait,2025-05-22,Standard
C04605,Teresa,Johnson,Kenya,2024-05-09,Premium
C04606,Kara,Collins,Western Sahara,2024-08-01,Premium
C04607,Abigail,Robinson,Paraguay,2026-06-07,Premium
C04608,Carrie,Cox,Ecuador,2025-10-29,Standard
C04609,Dillon,Prince,Saudi Arabia,2023-09-09,Business
C04610,Mary,Pollard,Sweden,2023-08-17,Standard
C04611,Phyllis,Choi,Tuvalu,2026-06-08,Standard
C04612,David,Thomas,Puerto Rico,2026-01-08,Standard
C04613,Chelsea,Peterson,Mexico,2024-03-28,Standard
C04614,Richard,Hines,Mayotte,2026-06-28,Standard
C04615,Dwayne,Guerrero,Bermuda,2025-12-15,Standard
C04616,Patrick,Gray,Ireland,2026-04-18,Standard
C04617,Charles,Calderon,American Samoa,2026-01-01,Premium
C04618,Timothy,Simmons,Peru,2026-07-13,Premium
C04619,Nicole,Miranda,Sri Lanka,2025-11-11,Standard
C04620,Lee,Rogers,Uzbekistan,2024-02-15,Premium
C04621,Johnathan,Lee,Ethiopia,2025-04-23,Premium
C04622,Amber,Allen,South Africa,2024-12-07,Premium
C04623,Melissa,Nelson,United Arab Emirates,2023-10-15,Standard
C04624,Melissa,Wall,Chad,2025-08-25,Standard
C04625,Karen,Smith,Papua New Guinea,2025-10-19,Premium
C04626,Ryan,Myers,Turks and Caicos Islands,2025-04-08,Standard
C04627,Bryan,Brown,Syrian Arab Republic,2025-04-05,Standard
C04628,William,Jones,Paraguay,2024-06-08,Standard
C04629,Lisa,Rogers,Swaziland,2023-09-21,Standard
C04630,Brandon,Jones,Marshall Islands,2023-11-07,Standard
C04631,Cheryl,Ramirez,French Polynesia,2026-04-17,Standard
C04632,Catherine,Hodge,Gibraltar,2023-11-05,Standard
C04633,Shawn,Ayala,Tokelau,2026-04-16,Premium
C04634,Alejandra,Wiggins,Zambia,2025-07-01,Premium
C04635,Dawn,Sims,Australia,2025-03-07,Standard
C04636,Jeffrey,Ramirez,Andorra,2025-09-20,Business
C04637,Scott,George,India,2024-04-21,Standard
C04638,Brian,Hahn,Turks and Caicos Islands,2024-03-17,Standard
C04639,Jessica,Hines,Isle of Man,2026-06-20,Premium
C04640,David,Taylor,Andorra,2025-12-22,Premium
C04641,Lauren,Reese,Liechtenstein,2026-04-10,Premium
C04642,Margaret,Livingston,Uzbekistan,2023-10-26,Standard
C04643,Tina,Cunningham,Venezuela,2026-03-04,Premium
C04644,Carl,Strickland,Angola,2025-04-21,Standard
C04645,Sharon,Leonard,Estonia,2023-11-25,Premium
C04646,Tara,Gonzalez,Korea,2024-08-07,Premium
C04647,Christopher,Anderson,Venezuela,2024-12-13,Standard
C04648,Michael,Arias,Cook Islands,2025-01-29,Standard
C04649,Ruth,Morales,Lao People's Democratic Republic,2025-12-06,Premium
C04650,Sara,Marshall,Costa Rica,2024-04-24,Standard
C04651,Erika,Miller,Central African Republic,2023-08-13,Standard
C04652,Noah,Robinson,Jamaica,2024-08-16,Premium
C04653,Mandy,Petty,Ghana,2024-03-05,Standard
C04654,Taylor,Payne,Guatemala,2025-03-19,Premium
C04655,David,Robinson,Belarus,2026-06-15,Standard
C04656,Amy,Parker,Nauru,2023-10-28,Standard
C04657,Jessica,Jackson,Mozambique,2024-12-26,Premium
C04658,Brandon,Lin,French Polynesia,2025-10-13,Standard
C04659,Bradley,Roth,Jersey,2024-10-13,Standard
C04660,Justin,Brown,Korea,2024-06-26,Premium
C04661,Evelyn,Collier,Indonesia,2025-08-12,Standard
C04662,Amanda,Pennington,United Kingdom,2025-08-01,Standard
C04663,Joyce,Porter,Malaysia,2024-05-03,Standard
C04664,Rose,Jones,Syrian Arab Republic,2024-04-19,Premium
C04665,Danielle,Humphrey,Uganda,2026-02-12,Premium
C04666,Amanda,White,Niue,2024-06-08,Premium
C04667,Jose,Arias,Italy,2024-05-05,Standard
C04668,Ashley,Peterson,Switzerland,2025-09-14,Premium
C04669,Kristen,Mcdaniel,Kazakhstan,2024-08-10,Standard
C04670,Katherine,Delacruz,Djibouti,2025-11-27,Standard
C04671,John,Wilson,Malaysia,2024-05-14,Standard
C04672,Amy,Ferrell,Ireland,2023-09-27,Premium
C04673,Matthew,Armstrong,Korea,2023-09-17,Premium
C04674,Trevor,Warner,Mayotte,2026-04-28,Standard
C04675,Roy,Becker,British Indian Ocean Territory (Chagos Archipelago),2025-07-17,Standard
C04676,Timothy,Brown,Tokelau,2025-09-22,Premium
C04677,Joel,Sullivan,Slovakia (Slovak Republic),2024-03-27,Standard
C04678,Michelle,Smith,Serbia,2023-08-16,Business
C04679,Nicholas,Thomas,Palestinian Territory,2024-05-04,Standard
C04680,Henry,Soto,Greece,2026-06-24,Standard
C04681,Erik,Gay,Philippines,2026-06-02,Standard
C04682,Michael,Waters,Mauritius,2025-07-07,Standard
C04683,Sharon,Mcdaniel,Iraq,2026-01-13,Premium
C04684,Edward,Jones,Pakistan,2024-05-09,Standard
C04685,Charles,Duncan,Greece,2026-01-11,Premium
C04686,Raymond,Bryant,Nepal,2023-10-13,Standard
C04687,Angela,Ferguson,Pitcairn Islands,2024-10-03,Standard
C04688,Joe,Hanson,Mauritius,2024-11-03,Standard
C04689,Krista,Parrish,Zambia,2024-04-14,Standard
C04690,David,Sellers,Thailand,2025-01-08,Business
C04691,Lauren,Bean,Puerto Rico,2024-08-03,Standard
C04692,Eileen,Daniels,Saint Helena,2026-02-27,Standard
C04693,Jennifer,King,French Guiana,2026-05-16,Standard
C04694,David,Khan,Guadeloupe,2026-03-17,Standard
C04695,William,Soto,Oman,2023-12-21,Standard
C04696,Justin,Hayes,Mayotte,2025-10-09,Premium
C04697,Stephen,Patrick,United States Minor Outlying Islands,2023-10-07,Standard
C04698,Heather,Alexander,Guinea-Bissau,2024-05-17,Standard
C04699,Joe,Stephens,Kiribati,2025-04-10,Standard
C04700,Tim,Ryan,Palestinian Territory,2024-05-29,Business
C04701,Anthony,Gilbert,Falkland Islands (Malvinas),2025-03-26,Standard
C04702,Kimberly,Stuart,Bahrain,2026-04-14,Standard
C04703,Elizabeth,Murray,New Zealand,2025-11-16,Standard
C04704,Travis,Weaver,Togo,2026-04-07,Standard
C04705,Autumn,Kim,Luxembourg,2024-04-08,Standard
C04706,Mary,Anderson,Maldives,2026-01-25,Standard
C04707,James,Gamble,Argentina,2026-05-08,Premium
C04708,Amanda,Maldonado,Afghanistan,2025-04-23,Standard
C04709,Dawn,Fleming,Somalia,2024-08-15,Premium
C04710,Miguel,Dominguez,Turks and Caicos Islands,2023-09-28,Standard
C04711,Elizabeth,Parrish,Saudi Arabia,2025-04-10,Standard
C04712,Parker,Harvey,Poland,2025-07-22,Standard
C04713,Ashley,Johnson,British Virgin Islands,2024-04-29,Standard
C04714,Joshua,Weaver,Slovakia (Slovak Republic),2025-01-26,Premium
C04715,Melissa,Adams,Cocos (Keeling) Islands,2025-11-03,Standard
C04716,Phillip,Watkins,Congo,2024-03-18,Standard
C04717,Michael,Ochoa,French Polynesia,2024-05-27,Standard
C04718,Danielle,Walters,Burkina Faso,2026-07-09,Business
C04719,Amanda,Johnston,Ethiopia,2025-04-11,Standard
C04720,Maria,Walker,Wallis and Futuna,2024-06-10,Premium
C04721,Amy,Valenzuela,Montserrat,2024-01-20,Standard
C04722,Matthew,Martin,Belgium,2026-07-11,Standard
C04723,Erin,Murphy,Martinique,2025-01-18,Standard
C04724,Jennifer,Randolph,Christmas Island,2025-01-27,Standard
C04725,Paul,Schmitt,Chile,2025-05-01,Standard
C04726,Sophia,Walker,Puerto Rico,2024-07-23,Standard
C04727,Matthew,Franklin,Poland,2025-03-09,Premium
C04728,Curtis,Dalton,Wallis and Futuna,2025-10-04,Premium
C04729,Daniel,Page,Heard Island and McDonald Islands,2025-03-03,Premium
C04730,Anthony,Brewer,Maldives,2024-09-24,Standard
C04731,Stephanie,Herring,Monaco,2024-12-28,Standard
C04732,Alexis,Flores,Libyan Arab Jamahiriya,2026-07-04,Standard
C04733,Justin,Green,Albania,2024-06-09,Premium
C04734,Kristopher,Hanson,Turkey,2026-06-27,Premium
C04735,Patricia,Holloway,Belarus,2024-02-04,Standard
C04736,Robin,George,Chad,2023-10-24,Standard
C04737,James,Whitaker,Grenada,2026-02-02,Standard
C04738,Joel,Leon,Benin,2025-02-28,Standard
C04739,Jason,Parker,Greece,2024-11-11,Standard
C04740,Shawn,Murphy,Greece,2024-06-22,Standard
C04741,Daniel,Daniel,Haiti,2026-04-01,Premium
C04742,Olivia,Roth,Lebanon,2025-11-04,Standard
C04743,Connor,Lindsey,Kiribati,2024-12-17,Standard
C04744,Brandon,Moyer,Ethiopia,2024-04-01,Business
C04745,Heidi,Schneider,Botswana,2024-10-26,Standard
C04746,Stephanie,Sparks,Argentina,2025-02-12,Standard
C04747,Gregory,Reyes,Marshall Islands,2024-02-18,Standard
C04748,Heather,Mills,Monaco,2023-11-14,Standard
C04749,Cassie,Conley,Saudi Arabia,2025-08-24,Standard
C04750,Adam,Ward,Dominica,2025-10-19,Premium
C04751,Alison,Gates,Guernsey,2025-04-28,Standard
C04752,Francisco,Taylor,Greenland,2025-12-25,Standard
C04753,Lisa,Pacheco,Japan,2025-05-20,Standard
C04754,Brian,Nguyen,Sierra Leone,2026-02-04,Standard
C04755,William,Sparks,Korea,2025-11-27,Premium
C04756,Scott,Evans,Chad,2024-03-14,Premium
C04757,Trevor,Morgan,Guadeloupe,2026-06-17,Standard
C04758,Joshua,Chen,Saint Martin,2026-02-11,Premium
C04759,Robert,Cox,Tonga,2024-12-17,Standard
C04760,Kristin,Skinner,France,2024-05-15,Business
C04761,Wayne,Torres,Nicaragua,2024-02-13,Standard
C04762,Tammy,Burnett,Japan,2025-01-10,Business
C04763,Anthony,Cantu,Albania,2023-10-13,Premium
C04764,Brad,Solis,Holy See (Vatican City State),2026-05-01,Standard
C04765,Jerome,Holland,Djibouti,2023-12-04,Standard
C04766,Susan,Anderson,Turkey,2024-02-08,Business
C04767,Lauren,Oneill,Bangladesh,2024-07-01,Premium
C04768,Adam,Morgan,Antigua and Barbuda,2025-10-31,Standard
C04769,James,Schultz,Moldova,2024-05-21,Premium
C04770,Evelyn,Campbell,Finland,2025-10-28,Standard
C04771,Alicia,Reyes,Namibia,2026-04-02,Standard
C04772,Wanda,Henry,Luxembourg,2026-07-20,Standard
C04773,Veronica,Walker,Kiribati,2026-04-29,Standard
C04774,Kristina,Ball,French Guiana,2026-05-08,Premium
C04775,Robert,Burgess,Bulgaria,2025-03-04,Standard
C04776,Meghan,Mercer,Romania,2024-04-29,Premium
C04777,Samantha,Roberts,Zambia,2023-11-29,Standard
C04778,Alicia,Trujillo,China,2025-12-04,Standard
C04779,Lindsey,Rodriguez,Burkina Faso,2024-06-03,Standard
C04780,Mary,Martinez,New Caledonia,2024-03-22,Standard
C04781,Natasha,Brewer,Niue,2024-11-28,Standard
C04782,Claire,Brown,Saint Vincent and the Grenadines,2023-08-25,Standard
C04783,Nicole,Stone,Israel,2024-09-23,Standard
C04784,Tracy,Harris,Micronesia,2025-08-01,Standard
C04785,Michael,Patel,Seychelles,2025-08-14,Standard
C04786,Richard,Mccarthy,Papua New Guinea,2025-07-21,Standard
C04787,Gregory,White,Guernsey,2025-08-27,Premium
C04788,Steven,Green,Guyana,2026-01-02,Premium
C04789,Courtney,Webb,Hong Kong,2024-04-09,Standard
C04790,Michelle,Mcmahon,Greece,2024-03-21,Standard
C04791,Christine,Dixon,Singapore,2026-06-18,Standard
C04792,Judy,Reyes,Palestinian Territory,2025-12-20,Business
C04793,John,Garcia,Austria,2025-12-13,Standard
C04794,Misty,Higgins,British Indian Ocean Territory (Chagos Archipelago),2026-05-11,Standard
C04795,Taylor,Brown,Poland,2024-07-12,Standard
C04796,James,Cobb,Saint Lucia,2024-07-15,Standard
C04797,Sara,Rios,Colombia,2023-09-27,Standard
C04798,Mark,Thompson,Morocco,2026-01-09,Premium
C04799,Renee,Lewis,Isle of Man,2024-05-04,Standard
C04800,Stephanie,Oconnor,South Georgia and the South Sandwich Islands,2025-01-01,Standard
C04801,Diane,Richards,Northern Mariana Islands,2024-11-26,Standard
C04802,Joel,Pierce,Dominica,2024-04-27,Standard
C04803,Mark,Cox,Ecuador,2026-01-26,Premium
C04804,Melissa,Fernandez,Ghana,2025-12-23,Standard
C04805,Sheila,Adams,British Virgin Islands,2025-09-10,Premium
C04806,Jenny,Ford,Samoa,2025-09-17,Standard
C04807,Jeffery,Morton,French Guiana,2024-08-30,Standard
C04808,Sheri,Duncan,Eritrea,2024-09-10,Business
C04809,Becky,Benton,Luxembourg,2026-03-19,Standard
C04810,Jennifer,Wilson,Uganda,2025-07-07,Premium
C04811,Cassandra,Charles,Myanmar,2025-06-24,Standard
C04812,Aaron,Duncan,Kazakhstan,2023-11-29,Premium
C04813,Fernando,Rivera,Papua New Guinea,2026-02-23,Standard
C04814,Taylor,Rose,Luxembourg,2024-02-03,Standard
C04815,Jason,Zimmerman,Svalbard & Jan Mayen Islands,2025-01-01,Premium
C04816,Devon,Bean,Yemen,2025-10-27,Premium
C04817,John,Hernandez,Sudan,2026-06-26,Premium
C04818,Karen,Garcia,South Africa,2025-02-28,Premium
C04819,Randy,Gibbs,Tokelau,2023-11-05,Premium
C04820,Amy,Thompson,Turks and Caicos Islands,2023-10-21,Standard
C04821,Joseph,Spencer,New Caledonia,2026-07-13,Standard
C04822,Nicole,Stone,Madagascar,2026-01-12,Standard
C04823,Samuel,Sutton,Puerto Rico,2026-08-12,Standard
C04824,Natalie,Contreras,Guinea-Bissau,2024-05-25,Standard
C04825,Joel,Nichols,Uzbekistan,2023-11-15,Standard
C04826,Lauren,Nielsen,Somalia,2023-10-14,Standard
C04827,James,Ramirez,Gabon,2024-08-14,Standard
C04828,Sandra,Brewer,Suriname,2026-01-18,Standard
C04829,Melissa,Berry,Bouvet Island (Bouvetoya),2025-07-27,Standard
C04830,Carl,Conley,Central African Republic,2024-07-04,Standard
C04831,Monica,Duncan,Vanuatu,2024-01-05,Premium
C04832,Andrew,Hernandez,Morocco,2024-04-29,Premium
C04833,Kimberly,Blair,Namibia,2025-02-03,Standard
C04834,Elizabeth,Davis,Congo,2025-08-24,Standard
C04835,Joshua,Parrish,Malawi,2024-06-07,Standard
C04836,Brian,Morrow,United States Minor Outlying Islands,2023-08-20,Standard
C04837,Barbara,Gay,Belize,2024-07-04,Standard
C04838,Gloria,Porter,New Caledonia,2024-02-07,Standard
C04839,Dustin,Williams,Canada,2024-04-04,Standard
C04840,Darrell,Moore,Tonga,2026-07-14,Standard
C04841,Sandra,Choi,Ireland,2025-08-06,Business
C04842,Karen,Taylor,Brazil,2026-03-11,Business
C04843,Kelsey,Nunez,Brazil,2024-02-04,Standard
C04844,Patrick,Garcia,United States Minor Outlying Islands,2024-05-19,Standard
C04845,Bobby,Williamson,Antigua and Barbuda,2025-07-06,Standard
C04846,Derek,Cooper,Samoa,2025-11-12,Standard
C04847,Kathleen,Randolph,Congo,2026-04-06,Premium
C04848,Julie,Lewis,French Polynesia,2026-01-17,Standard
C04849,James,James,Cote d'Ivoire,2025-11-22,Premium
C04850,Alexander,White,Pakistan,2026-06-11,Standard
C04851,Lisa,Frank,Bosnia and Herzegovina,2024-04-01,Business
C04852,Kathy,Campbell,Bolivia,2023-12-30,Standard
C04853,Justin,Clarke,Pitcairn Islands,2025-04-17,Premium
C04854,Colleen,Taylor,Guadeloupe,2023-08-26,Standard
C04855,Barbara,Nguyen,Burkina Faso,2024-04-02,Standard
C04856,Caitlyn,Bennett,Andorra,2026-02-16,Standard
C04857,James,Bradford,Guernsey,2025-03-26,Standard
C04858,Mary,Jones,Saint Vincent and the Grenadines,2026-05-26,Premium
C04859,Aaron,Galvan,Saint Barthelemy,2026-06-14,Premium
C04860,Ashley,Reed,Slovakia (Slovak Republic),2026-07-26,Premium
C04861,Brandy,Colon,Singapore,2024-01-10,Standard
C04862,Jeremy,Chavez,Cambodia,2024-10-13,Premium
C04863,James,Mcconnell,Mexico,2025-01-01,Standard
C04864,Amber,Hughes,Serbia,2024-03-02,Standard
C04865,Jason,Johnson,Western Sahara,2023-12-07,Standard
C04866,Pamela,Osborne,Anguilla,2024-03-18,Standard
C04867,Veronica,Conrad,Jamaica,2024-02-20,Standard
C04868,Michael,Martin,Djibouti,2025-12-26,Standard
C04869,Troy,Brown,Netherlands Antilles,2026-04-01,Standard
C04870,Bryan,Higgins,Belize,2025-06-12,Premium
C04871,Ronald,Garza,Isle of Man,2024-08-01,Standard
C04872,David,Heath,Marshall Islands,2026-05-18,Standard
C04873,Sierra,Rodriguez,Ghana,2024-09-21,Standard
C04874,Stephanie,Moore,Turkey,2026-07-11,Standard
C04875,Crystal,Smith,Reunion,2024-10-29,Standard
C04876,Antonio,Brown,Andorra,2026-03-27,Standard
C04877,Michael,Stein,Zimbabwe,2025-09-22,Standard
C04878,Anne,Tate,Korea,2025-03-07,Standard
C04879,Rodney,Buchanan,Nigeria,2023-11-21,Standard
C04880,Nathan,Lawrence,Slovakia (Slovak Republic),2025-02-03,Premium
C04881,Nathan,Coleman,China,2024-08-29,Standard
C04882,John,Skinner,Burundi,2024-09-06,Standard
C04883,Steven,Smith,Aruba,2025-12-22,Premium
C04884,Brian,Wilson,Slovenia,2025-10-19,Standard
C04885,David,Clark,Sri Lanka,2025-05-14,Standard
C04886,Angela,Garcia,Iran,2024-10-15,Premium
C04887,Kathryn,Davis,Central African Republic,2025-06-01,Standard
C04888,Zachary,Stephens,Maldives,2024-01-11,Standard
C04889,Lisa,Santiago,Kiribati,2024-01-26,Standard
C04890,Eddie,Johnson,Saint Helena,2024-01-28,Standard
C04891,Terri,Bush,Kyrgyz Republic,2023-12-22,Standard
C04892,James,Williams,Korea,2024-01-17,Standard
C04893,John,Murray,Denmark,2025-01-09,Standard
C04894,Christopher,Williams,Trinidad and Tobago,2024-11-01,Standard
C04895,Michael,Schmidt,Falkland Islands (Malvinas),2025-09-15,Standard
C04896,Kevin,Owen,China,2024-02-06,Standard
C04897,Jane,Johnson,Mongolia,2025-06-18,Standard
C04898,Hunter,Schmidt,Marshall Islands,2026-06-28,Standard
C04899,Michael,Simmons,Japan,2026-02-24,Standard
C04900,Jon,Johnson,British Indian Ocean Territory (Chagos Archipelago),2025-12-31,Premium
C04901,Adam,Gonzalez,Paraguay,2024-06-19,Standard
C04902,Catherine,Moore,Sudan,2025-06-25,Standard
C04903,Sandra,Massey,Tuvalu,2025-04-15,Standard
C04904,Samuel,Hernandez,Guinea,2026-02-06,Standard
C04905,Caleb,Allen,Burundi,2026-08-03,Premium
C04906,Melissa,Smith,Azerbaijan,2024-09-29,Standard
C04907,Richard,Coleman,Georgia,2025-01-07,Business
C04908,Courtney,Johnson,Bangladesh,2024-02-09,Standard
C04909,Brent,Chapman,Papua New Guinea,2025-08-08,Premium
C04910,David,King,Angola,2026-05-26,Standard
C04911,Jose,Young,Seychelles,2025-12-17,Premium
C04912,Carlos,Espinoza,Saudi Arabia,2026-08-04,Standard
C04913,Michaela,Welch,Faroe Islands,2026-01-20,Standard
C04914,Aaron,Wright,Russian Federation,2023-11-23,Standard
C04915,Levi,Jackson,Equatorial Guinea,2026-03-18,Standard
C04916,Chelsea,Johnson,Namibia,2024-11-17,Premium
C04917,Deborah,Harper,Luxembourg,2025-04-17,Standard
C04918,Krista,Rice,Lithuania,2026-05-01,Standard
C04919,Jeffrey,Brown,Kyrgyz Republic,2026-02-15,Premium
C04920,Scott,Martinez,Israel,2025-03-28,Standard
C04921,Carrie,Brady,Bosnia and Herzegovina,2025-05-12,Business
C04922,Rebecca,Moses,Canada,2024-07-13,Premium
C04923,Todd,Cisneros,Libyan Arab Jamahiriya,2025-08-27,Standard
C04924,Ashley,Wright,Switzerland,2024-05-09,Premium
C04925,Kathleen,Kim,Cote d'Ivoire,2026-07-18,Standard
C04926,Tammy,Santiago,Nepal,2024-11-04,Standard
C04927,Brandi,Barr,New Zealand,2025-07-05,Standard
C04928,Lindsay,Jones,Swaziland,2024-09-26,Standard
C04929,Frederick,Jordan,Zimbabwe,2026-06-03,Premium
C04930,Donald,Lewis,Austria,2025-10-21,Premium
C04931,Steven,Strong,Tanzania,2024-05-05,Standard
C04932,Daniel,Jenkins,Tajikistan,2024-04-15,Standard
C04933,Donna,Hopkins,Norfolk Island,2026-06-03,Business
C04934,Courtney,Davis,Venezuela,2025-12-07,Standard
C04935,Sherry,Lloyd,Dominica,2025-03-08,Standard
C04936,Gabrielle,Potter,Montserrat,2025-10-17,Standard
C04937,Caitlin,Dyer,Slovakia (Slovak Republic),2026-02-06,Premium
C04938,Shane,Thomas,Bouvet Island (Bouvetoya),2023-12-20,Standard
C04939,Theresa,Estes,Saint Martin,2025-11-24,Premium
C04940,William,Matthews,French Guiana,2026-06-05,Premium
C04941,William,Ochoa,Thailand,2023-11-30,Standard
C04942,Tara,Reilly,Uganda,2024-09-19,Standard
C04943,Kevin,Taylor,Senegal,2024-02-15,Premium
C04944,Shannon,Beard,Guinea-Bissau,2025-10-31,Standard
C04945,William,Ho,Montserrat,2025-06-27,Premium
C04946,Teresa,Brooks,Venezuela,2023-08-30,Premium
C04947,Amber,Brown,Anguilla,2024-09-19,Standard
C04948,Amber,Barnes,Ghana,2025-08-17,Premium
C04949,Elizabeth,Poole,Cocos (Keeling) Islands,2024-06-01,Premium
C04950,Omar,Miller,Nepal,2025-04-30,Premium
C04951,Christopher,Wong,Belize,2024-04-14,Standard
C04952,William,Porter,Svalbard & Jan Mayen Islands,2026-02-15,Standard
C04953,Joseph,Martin,Paraguay,2025-05-31,Standard
C04954,Anita,Wagner,Kyrgyz Republic,2025-04-13,Standard
C04955,Beth,Duarte,Venezuela,2025-08-23,Standard
C04956,Elizabeth,Williams,Aruba,2026-02-12,Premium
C04957,Michael,Reeves,Eritrea,2023-12-28,Standard
C04958,Kristy,Henderson,Guinea,2025-06-06,Standard
C04959,Bradley,Lam,Norway,2024-09-01,Standard
C04960,Gregory,Mitchell,Uganda,2026-07-21,Premium
C04961,Angela,Walker,Saint Kitts and Nevis,2025-03-21,Standard
C04962,Michael,Maxwell,Kuwait,2026-01-31,Standard
C04963,Lauren,Ballard,Paraguay,2026-05-05,Standard
C04964,Raymond,Carter,Aruba,2026-03-09,Premium
C04965,Sara,Miles,Finland,2026-03-17,Standard
C04966,Nicholas,Payne,Saint Helena,2024-09-27,Standard
C04967,Selena,Patterson,Ethiopia,2025-07-16,Business
C04968,William,Hernandez,Kenya,2023-08-31,Premium
C04969,Eric,Morgan,Hungary,2024-03-21,Business
C04970,Ernest,Mahoney,Mozambique,2024-08-24,Standard
C04971,Margaret,Russell,Mauritius,2025-12-09,Standard
C04972,David,Shaw,Montserrat,2024-07-22,Premium
C04973,Joseph,Ross,Qatar,2025-09-30,Standard
C04974,Jeremy,Williams,Jordan,2024-03-13,Premium
C04975,Traci,Foster,Canada,2025-11-08,Standard
C04976,Sean,Johnston,Jamaica,2023-09-16,Standard
C04977,Cindy,Brown,French Southern Territories,2023-12-05,Standard
C04978,Jason,Gallegos,Namibia,2024-09-01,Standard
C04979,Michael,Campos,Netherlands Antilles,2026-05-03,Standard
C04980,Lisa,Lutz,Tunisia,2024-06-25,Standard
C04981,Jennifer,Rodriguez,Croatia,2025-08-20,Business
C04982,Jennifer,Kline,Guam,2024-05-28,Standard
C04983,Tina,Williams,Equatorial Guinea,2024-12-23,Standard
C04984,Angela,Davis,Grenada,2026-08-04,Premium
C04985,Andrew,Martin,United States of America,2024-10-18,Standard
C04986,Karen,Simpson,Estonia,2024-02-22,Standard
C04987,Christina,Patterson,Pakistan,2023-10-01,Premium
C04988,Morgan,Terry,Falkland Islands (Malvinas),2023-09-25,Standard
C04989,Kristin,Butler,Tanzania,2023-11-19,Premium
C04990,Theodore,Yang,Ukraine,2023-11-22,Premium
C04991,Kelsey,Martinez,Eritrea,2026-02-21,Business
C04992,Amanda,Mullins,Norfolk Island,2023-10-16,Standard
C04993,Amy,Huber,Saint Lucia,2023-08-17,Standard
C04994,Michelle,Murray,Micronesia,2024-03-25,Standard
C04995,Collin,Miller,Faroe Islands,2025-05-16,Standard
C04996,Zachary,Carney,Solomon Islands,2024-07-29,Premium
C04997,Mary,Dean,Uruguay,2025-04-16,Standard
C04998,Courtney,Valentine,Mayotte,2025-05-29,Standard
C04999,Christina,Ryan,Sri Lanka,2024-09-02,Premium
C05000,Holly,Perkins,Qatar,2026-03-30,Standard
